{"bce_loss": {"1": 0.2677300789999583, "2": 0.24145223531458113, "3": 0.21761763474297902, "4": 0.1944931187326946, "5": 0.17501404219203526, "6": 0.1566226709456671, "7": 0.14095197807228754, "8": 0.12612059180225646, "9": 0.11279044536844132, "10": 0.10019509352388836, "11": 0.09004349320653886, "12": 0.0805676302739552, "13": 0.07153454281034924, "14": 0.06398197476352964, "15": 0.056531677229536906, "16": 0.05068962494768794, "17": 0.04509748624903815, "18": 0.039919541705222356, "19": 0.03608076224133136, "20": 0.03178868419121182, "21": 0.027907151344513135, "22": 0.02521861122832412, "23": 0.022323960083581153, "24": 0.020747593500547938, "25": 0.018298153499407426, "26": 0.016465724918932195, "27": 0.01556907498115112, "28": 0.014600612533589205, "29": 0.013602863361556378, "30": 0.013326453429365915, "31": 0.012922611080169205, "32": 0.012174139863678388, "33": 0.012504311662817758, "34": 0.011175053164599434, "35": 0.010997462581606611, "36": 0.011077351690757842, "37": 0.010402779545753247, "38": 0.009951564623782086, "39": 0.009715708327435311, "40": 0.009604016326308723, "41": 0.009418202992824335, "42": 0.010042423005437567, "43": 0.009497322437782136, "44": 0.008760047969334418, "45": 0.008335409515966025, "46": 0.008369467949258193, "47": 0.008257089094037101, "48": 0.008013510618299718, "49": 0.007923141465566698, "50": 0.008037323109982978, "51": 0.007954768223007993, "52": 0.007951570275638784, "53": 0.007947117282402895, "54": 0.007910246679943705, "55": 0.007881457983915294, "56": 0.007855033949165353, "57": 0.00788208276092533, "58": 0.007814190586999295, "59": 0.007882225415891125, "60": 0.007948272780234378, "61": 0.007898520552627152, "62": 0.007884299559962182, "63": 0.007909028184792352, "64": 0.007866357578822071, "65": 0.007874294838291548, "66": 0.007843848931351824, "67": 0.00806700201734664, "68": 0.00786275633921226, "69": 0.007857498365439593, "70": 0.007844543040153525, "71": 0.007821426231650606, "72": 0.00789084556024699, "73": 0.00787992389606578, "74": 0.00784464357864289, "75": 0.00784863873813597, "76": 0.007902956246176646, "77": 0.007862371540377064, "78": 0.007898980644457633, "79": 0.007870073703723767, "80": 0.007876752661393276, "81": 0.007862374578262605, "82": 0.007869302036447657, "83": 0.007882922525621124, "84": 0.007872898423571199, "85": 0.007809317715111233, "86": 0.007849581772461534, "87": 0.007848111321292227, "88": 0.00784804693068422, "89": 0.007836103675857423, "90": 0.007872478585571998, "91": 0.00786820708936642, "92": 0.007825508233278043, "93": 0.007832689938830241, "94": 0.00788152274409575, "95": 0.007875713948456068, "96": 0.007875324101261204, "97": 0.00789031832818947, "98": 0.007832474097432126, "99": 0.007823257396618525, "100": 0.007833481101053101}, "dice_loss": {"1": 0.9849900026170034, "2": 0.9802614753208463, "3": 0.9726732865212455, "4": 0.9644514871022057, "5": 0.9599331910648043, "6": 0.9542634553379483, "7": 0.9488205673202635, "8": 0.942256075995309, "9": 0.9355026303775726, "10": 0.9262772864765592, "11": 0.9192320098952641, "12": 0.9092975533197797, "13": 0.8988928927315606, "14": 0.8865965112807259, "15": 0.8725713264374506, "16": 0.8589920004208883, "17": 0.843007104737418, "18": 0.8254685628981817, "19": 0.8023733496665955, "20": 0.780921080755809, "21": 0.7548694894427345, "22": 0.7279393748631553, "23": 0.6990777197338286, "24": 0.6720700320743379, "25": 0.6433122233738975, "26": 0.6116528411706289, "27": 0.5776138674645197, "28": 0.5527690379392534, "29": 0.5232105993089222, "30": 0.5029995474550459, "31": 0.4799529143742153, "32": 0.4502187442211878, "33": 0.4502709550516946, "34": 0.41365395793839105, "35": 0.3944901809805915, "36": 0.38632438816721476, "37": 0.3684298540391619, "38": 0.3496089440489572, "39": 0.33684723173815107, "40": 0.326396290745054, "41": 0.3169374378427627, "42": 0.320821945865949, "43": 0.30615645599743674, "44": 0.2883631002808374, "45": 0.27877226117111387, "46": 0.27401762704054516, "47": 0.270502813515209, "48": 0.26961707855973926, "49": 0.26610118198016336, "50": 0.265331296693711, "51": 0.2629584875844774, "52": 0.2626696839219048, "53": 0.2627890755732854, "54": 0.2627737261946239, "55": 0.262147879789746, "56": 0.2623945294864594, "57": 0.2630231732886935, "58": 0.26034632443435607, "59": 0.26246909111265154, "60": 0.26210698154237533, "61": 0.26157562576589133, "62": 0.26169677551776643, "63": 0.26218009799245806, "64": 0.2610461510836132, "65": 0.2619597911834717, "66": 0.2607008824272761, "67": 0.26252733170986176, "68": 0.26172516956215813, "69": 0.2612300439486428, "70": 0.26149928025783054, "71": 0.260578100170408, "72": 0.2610502160257763, "73": 0.26158816450172, "74": 0.26094298490456175, "75": 0.2618362981648672, "76": 0.26165891616117387, "77": 0.2621951273509434, "78": 0.2614860579607979, "79": 0.260972892954236, "80": 0.2612494691496804, "81": 0.2613220252687969, "82": 0.26074767254647757, "83": 0.26079840224886697, "84": 0.2606558459145682, "85": 0.26085489538926926, "86": 0.2613531419682124, "87": 0.2613581934618571, "88": 0.2611268704372739, "89": 0.26159443410616073, "90": 0.26131679448816514, "91": 0.26135993949950687, "92": 0.26089630145875237, "93": 0.26264509464067126, "94": 0.2612396069462337, "95": 0.2619296293410044, "96": 0.2610020166824734, "97": 0.26156438011971733, "98": 0.2608559543178195, "99": 0.26110920404630994, "100": 0.261036817280073}, "total_loss": {"1": 0.6263600427006918, "2": 0.6108568556725033, "3": 0.5951454582668486, "4": 0.5794723033905029, "5": 0.5674736168649461, "6": 0.5554430636148604, "7": 0.544886274943276, "8": 0.5341883292273869, "9": 0.5241465332016112, "10": 0.5132361901184869, "11": 0.5046377503682696, "12": 0.49493259144207785, "13": 0.48521371824400766, "14": 0.47528924355431207, "15": 0.4645515003847697, "16": 0.45484081383735414, "17": 0.4440522955523597, "18": 0.4326940500547016, "19": 0.41922705419479855, "20": 0.40635488288743155, "21": 0.391388319787525, "22": 0.3765789923213777, "23": 0.3607008390956455, "24": 0.34640881277266, "25": 0.33080518813360305, "26": 0.3140592816330138, "27": 0.2965914718215428, "28": 0.2836848253768588, "29": 0.26840673316092717, "30": 0.2581630003830743, "31": 0.24643776222826944, "32": 0.23119644253026872, "33": 0.23138763436249324, "34": 0.21241450404363965, "35": 0.20274382238350216, "36": 0.19870086818460433, "37": 0.18941631712137708, "38": 0.1797802552344307, "39": 0.17328147057976043, "40": 0.16800015396068965, "41": 0.16317782113476406, "42": 0.16543218422503697, "43": 0.1578268888923857, "44": 0.14856157404562784, "45": 0.1435538356502851, "46": 0.1411935468278234, "47": 0.13937995121592567, "48": 0.13881529430075298, "49": 0.13701216143275063, "50": 0.13668430927726957, "51": 0.13545662732351393, "52": 0.13531062633745253, "53": 0.13536809526738666, "54": 0.13534198594944818, "55": 0.13501466905313825, "56": 0.13512478142030657, "57": 0.13545262801741798, "58": 0.13408025732589146, "59": 0.13517565859688652, "60": 0.1350276262041122, "61": 0.13473707248294164, "62": 0.13479053702146288, "63": 0.13504456279296723, "64": 0.13445625347750528, "65": 0.13491704279468172, "66": 0.13427236510647667, "67": 0.13529716727752533, "68": 0.13479396275111608, "69": 0.13454377107203952, "70": 0.1346719115972519, "71": 0.13419976274645518, "72": 0.1344705302090872, "73": 0.13473404388106058, "74": 0.13439381347289162, "75": 0.13484246827780255, "76": 0.13478093594312668, "77": 0.1350287493495714, "78": 0.1346925189570775, "79": 0.13442148421964947, "80": 0.13456311112358457, "81": 0.13459220031897226, "82": 0.13430848776821105, "83": 0.13434066256833455, "84": 0.13426437299875987, "85": 0.13433210634522968, "86": 0.13460136181305324, "87": 0.13460315184460747, "88": 0.13448745769167703, "89": 0.13471526865448272, "90": 0.13459463654056428, "91": 0.1346140734496571, "92": 0.13436090473144774, "93": 0.13523889202920217, "94": 0.13456056420765225, "95": 0.13490267228039485, "96": 0.13443866987077016, "97": 0.13472734876568354,