{"f1": {"1": 0.25701504676697845, "2": 0.6530820173204279, "3": 0.5699812382739212, "4": 0.5626493683851144, "5": 0.41718464351005485, "6": 0.6706465134002286, "7": 0.7256830601092896, "8": 0.5970700805067969, "9": 0.735161976826673, "10": 0.5035443656807627, "11": 0.7092166927025217, "12": 0.5561093490409303, "13": 0.6006106022758813, "14": 0.6929312581063554, "15": 0.6171015403961019, "16": 0.6842105263157895, "17": 0.36872501110617506, "18": 0.678451691557452, "19": 0.6042296072507553, "20": 0.7014365212889867, "21": 0.6732552835639349, "22": 0.7782778277827783, "23": 0.7100020968756553, "24": 0.7569481324128164, "25": 0.8269922234300526, "26": 0.8008157715839564, "27": 0.7546594374788207, "28": 0.7937245787332946, "29": 0.7494664959453692, "30": 0.7551820728291316, "31": 0.7991940899932841, "32": 0.7471168310212268, "33": 0.7467278989667049, "34": 0.7398039835599115, "35": 0.8293185093679226, "36": 0.8372411432483313, "37": 0.8373352590720347, "38": 0.80125073285128, "39": 0.8153805636028444, "40": 0.8507223113964687, "41": 0.866923818707811, "42": 0.8464275126000593, "43": 0.8172573189522342, "44": 0.8229266730707653, "45": 0.8710601719197708, "46": 0.8304991771804717, "47": 0.8771039889324418, "48": 0.8256315465187923, "49": 0.8113992955491515, "50": 0.86875, "51": 0.8574057037718491, "52": 0.9050297284268038, "53": 0.8583905177791641, "54": 0.8761198640716713, "55": 0.8504795117698344, "56": 0.8800370541917555, "57": 0.884968242766408, "58": 0.9098152843172763, "59": 0.8762556101731139, "60": 0.8677098150782361, "61": 0.8493556510146645, "62": 0.7568066451315182, "63": 0.9055944055944056, "64": 0.8735737106344135, "65": 0.8734211233539371, "66": 0.9276242211215849, "67": 0.8299776286353467, "68": 0.8312159709618875, "69": 0.8867445403758253, "70": 0.8907140462621522, "71": 0.8008917852855428, "72": 0.8547579298831386, "73": 0.8970531955606582, "74": 0.836873406966865, "75": 0.7800089245872378, "76": 0.8830270270270271, "77": 0.870891514500537, "78": 0.8249158249158249, "79": 0.8719785138764548, "80": 0.826523777628935, "81": 0.8789346246973365, "82": 0.8735968765251342, "83": 0.888399735857363, "84": 0.8786727963222066, "85": 0.8509174311926605, "86": 0.8731656184486373, "87": 0.8313744303190214, "88": 0.91003404117361, "89": 0.8797047970479704, "90": 0.8890643505724437, "91": 0.8691358024691358, "92": 0.85334695963209, "93": 0.8028616852146264, "94": 0.8304155614500442, "95": 0.8591334639669062, "96": 0.9210625708170717, "97": 0.8462535649468499, "98": 0.8840388007054674, "99": 0.8332175121612231, "100": 0.8976538592315539}, "asd": {"0": 9.173007735644296, "1": 3.5555662892437616, "2": 3.5012489337114836, "3": 4.388529950876746, "4": 6.725305814957261, "5": 2.4296900874609344, "6": 0.6891090492045575, "7": 2.7401002392740588, "8": 1.1686303519910248, "9": 5.050351063387135, "10": 1.6956401030877821, "11": 4.619214996265868, "12": 3.181052313566831, "13": 5.340066706642582, "14": 2.2849312519141267, "15": 1.8098480562809793, "16": 4.888067281278034, "17": 4.243385582787619, "18": 3.3499068659393374, "19": 2.4995000703229233, "20": 2.271167509226414, "21": 1.8192910921717276, "22": 1.80092618901901, "23": 1.974145330964428, "24": 0.3187284705256646, "25": 0.9445998393079943, "26": 2.2193743580245022, "27": 0.9557384611444859, "28": 1.132644954787808, "29": 1.1828213274151858, "30": 0.4073928388954963, "31": 1.3370235359938651, "32": 0.736439602050997, "33": 0.7122920370333943, "34": 0.6048761655113644, "35": 0.29038709180772004, "36": 0.3370762618918564, "37": 0.1515531672898631, "38": 0.27033516418355935, "39": 0.10696812675595765, "40": 0.29353689065897515, "41": 0.25817735485141396, "42": 0.2848203973414565, "43": 0.34263812414532674, "44": 0.20310738909153891, "45": 0.25656472255612783, "46": 0.12454209173015365, "47": 0.3579278194201875, "48": 0.43029945560872573, "49": 0.16862615090676528, "50": 0.2523404320139302, "51": 0.09576502654558951, "52": 0.30162326705065473, "53": 0.154180052994937, "54": 0.2138439321423142, "55": 0.2054390266999284, "56": 0.13119355531576485, "57": 0.09751124344710652, "58": 0.38563311832587627, "59": 0.11912264663129053, "60": 0.2209290596080821, "61": 2.674219556090801, "62": 0.12190204406816996, "63": 0.19369303262158716, "64": 0.27630549053719733, "65": 0.08460604601552274, "66": 0.5259177573599623, "67": 0.6773098147626921, "68": 0.13800237627405484, "69": 0.1456126391479125, "70": 0.27671791644245225, "71": 0.18370592809532105, "72": 0.11649481938181937, "73": 0.31135191615771374, "74": 0.2639439726315919, "75": 0.17380302851021354, "76": 0.15156443703046582, "77": 0.2184205256951348, "78": 0.21568164978804374, "79": 0.25866702825533716, "80": 0.1939832333414787, "81": 0.14508069351057273, "82": 0.14151978060093498, "83": 0.1914225479190483, "84": 0.21872304938151468, "85": 0.18731313829043925, "86": 0.3480713450544362, "87": 0.11974493139215307, "88": 0.20249155166788071, "89": 0.14352658314113986, "90": 0.2372240096185595, "91": 0.21476019682054381, "92": 1.939727358495797, "93": 0.225260474822297, "94": 0.15533665316027345, "95": 0.09137566754002027, "96": 0.18195746012425015, "97": 0.19911866989978938, "98": 0.4494817115376055, "99": 0.1759685819733127}, "hd95": {"0": 41.39444011104731, "1": 8.06225774829855, "2": 18.12594305529306, "3": 13.917604990863785, "4": 34.07345007480164, "5": 10.198039027185569, "6": 3.605551275463989, "7": 4.69041575982343, "8": 3.605551275463989, "9": 23.247522807586805, "10": 6.164414002968976, "11": 17.320508075688775, "12": 7.810249675906654, "13": 26.70205984563738, "14": 7.280109889280518, "15": 5.0990195135927845, "16": 17.4928556845359, "17": 18.86663633497838, "18": 14.035668847618199, "19": 12.569805089976535, "20": 8.06225774829855, "21": 4.0, "22": 8.774964387392123, "23": 8.12403840463596, "24": 2.0, "25": 3.1622776601683795, "26": 6.316548254468341, "27": 2.23606797749979, "28": 4.242640687119285, "29": 4.242640687119285, "30": 3.0, "31": 4.242640687119285, "32": 4.123105625617661, "33": 2.9828427124745565, "34": 1.4142135623730951, "35": 1.9732050807567902, "36": 2.0, "37": 2.23606797749979, "38": 3.0, "39": 1.0, "40": 1.0, "41": 1.4142135623730951, "42": 2.0, "43": 1.4142135623730951, "44": 1.0, "45": 1.4142135623730951, "46": 1.0, "47": 1.0, "48": 2.0, "49": 1.0, "50": 1.4142135623730951, "51": 1.0, "52": 1.0, "53": 1.0, "54": 2.0, "55": 1.0, "56": 1.0, "57": 1.0, "58": 1.0, "59": 1.7320508075688772, "60": 1.4142135623730951, "61": 13.038404810405298, "62": 1.0, "63": 1.0, "64": 1.0, "65": 1.0, "66": 2.8284271247461903, "67": 2.0, "68": 1.0, "69": 1.0, "70": 2.23606797749979, "71": 1.0, "72": 1.0, "73": 1.4142135623730951, "74": 6.557438524302, "75": 1.0, "76": 1.0, "77": 2.0, "78": 1.0, "79": 1.4142135623730951, "80": 1.0, "81": 1.0, "82": 1.0, "83": 1.0, "84": 1.4142135623730951, "85": 1.0, "86": 1.4142135623730951, "87": 1.0, "88": 1.0, "89": 1.0, "90": 1.0, "91": 1.4142135623730951, "92": 12.36931687685298, "93": 2.23606797749979, "94": 1.4142135623730951, "95": 1.0, "96": 2.0, "97": 1.0, "98": 2.0, "99": 1.0}}