{"f1": {"1": 0.823162979913552, "2": 0.8163170971283296, "3": 0.8225646123260437, "4": 0.8442191203581775, "5": 0.8534681341182493, "6": 0.8454412481716236, "7": 0.8472725114263667, "8": 0.8442859777463576, "9": 0.8271498418176589, "10": 0.7926636449878781, "11": 0.8411214953271028, "12": 0.8473926839489913, "13": 0.8482376187137485, "14": 0.8497315557700428, "15": 0.8421297914482115, "16": 0.8472925594078691, "17": 0.8514322087842139, "18": 0.8525182175791578, "19": 0.8607334904235394, "20": 0.8615345203022928, "21": 0.8551118004394468, "22": 0.861582095073679, "23": 0.863866984534507, "24": 0.8695270355037009, "25": 0.8634794156706508, "26": 0.8705241307732227, "27": 0.8639291989327781, "28": 0.8610586587074374, "29": 0.8749207958433659, "30": 0.8714882674381228, "31": 0.8602024005648388, "32": 0.8688682656381824, "33": 0.870382645375113, "34": 0.871178247734139, "35": 0.8720866880561777, "36": 0.8727184524892365, "37": 0.8738760631834751, "38": 0.8745210145368286, "39": 0.8753199268738574, "40": 0.8754196423121529, "41": 0.8760310380643979, "42": 0.876566607568625, "43": 0.8773948705392667, "44": 0.8780248728787601, "45": 0.8781265326140265, "46": 0.8783360942389103, "47": 0.878306228904572, "48": 0.8786893293244156, "49": 0.8788753146295045, "50": 0.8789144050104384, "51": 0.8792733075553919, "52": 0.8793526238352133, "53": 0.8789232181095136, "54": 0.8794465193167208, "55": 0.8797697066209347, "56": 0.8805439843175692, "57": 0.8807890222984562, "58": 0.8810734636358066, "59": 0.8812105617839858, "60": 0.8809844496143014, "61": 0.8808810033649435, "62": 0.880440097799511, "63": 0.8803909590714722, "64": 0.8805714983514471, "65": 0.8806398437023018, "66": 0.880840407988762, "67": 0.8810454323400098, "68": 0.8811197359574598, "69": 0.8819928999877586, "70": 0.8823168486930911, "71": 0.8823059430889312, "72": 0.882779827798278, "73": 0.8828096118299446, "74": 0.882930746895657, "75": 0.8834644693637321, "76": 0.8839518431177857, "77": 0.8845842416692619, "78": 0.8852602056715487, "79": 0.8853705666022564, "80": 0.8857053487644667, "81": 0.8861059190031153, "82": 0.8861170013720843, "83": 0.8860284928767808, "84": 0.8854679802955665, "85": 0.8840125391849529, "86": 0.8842402306606957, "87": 0.8779783393501805, "88": 0.8795470970850398, "89": 0.8748069842023993, "90": 0.8680262541022035, "91": 0.8833926598748005, "92": 0.8866044399596368, "93": 0.8865248226950354, "94": 0.8867637745408486, "95": 0.8865953270436269, "96": 0.8870049348348729, "97": 0.8870620968761856, "98": 0.8874565560821485, "99": 0.8874992104099552, "100": 0.8871639530480878}, "asd": {"0": 0.5138694074046753, "1": 0.6191134358640438, "2": 0.3439895804042206, "3": 0.19769973364878657, "4": 0.18608958461520012, "5": 0.2736804443432832, "6": 0.3061055996315601, "7": 0.2540714265501438, "8": 0.6020995949477541, "9": 0.6719605951725746, "10": 0.2552445239687141, "11": 0.25865405898211935, "12": 0.18185594452872333, "13": 0.24426129722025142, "14": 0.33251819857766757, "15": 0.1607561437152333, "16": 0.16949645293561566, "17": 0.164400794335779, "18": 0.2222353199395656, "19": 0.16127245646284483, "20": 0.15044846522262975, "21": 0.20844897865212517, "22": 0.2068464787712135, "23": 0.17428390281763345, "24": 0.11091291345447772, "25": 0.13262394249120216, "26": 0.1383890777186187, "27": 0.20680113408463144, "28": 0.15325441983285432, "29": 0.1343571338162189, "30": 0.25059360643905904, "31": 0.21196996546296532, "32": 0.21181540296755066, "33": 0.2082427404944647, "34": 0.20464793927287744, "35": 0.20229766663956011, "36": 0.1993836619844108, "37": 0.1960286893688408, "38": 0.1934776872574412, "39": 0.1924244945004529, "40": 0.19127731004168053, "41": 0.19024351825793276, "42": 0.18779726016024711, "43": 0.18638251143744738, "44": 0.18564315221885164, "45": 0.18491389479309908, "46": 0.18584544691431684, "47": 0.18635209108552003, "48": 0.18567244746523934, "49": 0.18628665663277225, "50": 0.18625075175543326, "51": 0.18777638421959603, "52": 0.19162530061600286, "53": 0.19071589800355865, "54": 0.19073177850855047, "55": 0.1902175537177941, "56": 0.19040306692355327, "57": 0.1900058611116543, "58": 0.19010660917041347, "59": 0.19207505976472886, "60": 0.19313987996875734, "61": 0.19472379318212057, "62": 0.19630240049039863, "63": 0.19668748983806383, "64": 0.19751878417109522, "65": 0.19685438840648428, "66": 0.19957072553354077, "67": 0.19954369778386402, "68": 0.19747055834207938, "69": 0.19574780946783515, "70": 0.19400797576688364, "71": 0.1927331047941617, "72": 0.18941148425312254, "73": 0.18625001620440498, "74": 0.17820050708825155, "75": 0.17464093235925598, "76": 0.16888619846110117, "77": 0.1670529135881956, "78": 0.16656437132730634, "79": 0.16255617632610941, "80": 0.16553075910360046, "81": 0.16390436097731473, "82": 0.1618752350635688, "83": 0.17586474448423886, "84": 0.1876981132949424, "85": 0.18065174597899525, "86": 0.2282738998738485, "87": 0.21382227993895067, "88": 0.25780566775373454, "89": 0.29931494996733027, "90": 0.18588521999799973, "91": 0.15305463377806297, "92": 0.1485756011209814, "93": 0.1489607562687107, "94": 0.14964450751747826, "95": 0.1499538853325968, "96": 0.15080520843191317, "97": 0.15097287222829384, "98": 0.15123447906984663, "99": 0.1523748402140269}, "hd95": {"0": 1.4142135623730951, "1": 1.4142135623730951, "2": 1.4142135623730951, "3": 1.0, "4": 1.0, "5": 1.0, "6": 1.0, "7": 1.0, "8": 1.4142135623730951, "9": 2.0, "10": 1.0, "11": 1.0, "12": 1.0, "13": 1.0, "14": 1.0, "15": 1.0, "16": 1.0, "17": 1.0, "18": 1.0, "19": 1.0, "20": 1.0, "21": 1.0, "22": 1.0, "23": 1.0, "24": 1.0, "25": 1.0, "26": 1.0, "27": 1.0, "28": 1.0, "29": 1.0, "30": 1.0, "31": 1.0, "32": 1.0, "33": 1.0, "34": 1.0, "35": 1.0, "36": 1.0, "37": 1.0, "38": 1.0, "39": 1.0, "40": 1.0, "41": 1.0, "42": 1.0, "43": 1.0, "44": 1.0, "45": 1.0, "46": 1.0, "47": 1.0, "48": 1.0, "49": 1.0, "50": 1.0, "51": 1.0, "52": 1.0, "53": 1.0, "54": 1.0, "55": 1.0, "56": 1.0, "57": 1.0, "58": 1.0, "59": 1.0, "60": 1.0, "61": 1.0, "62": 1.0, "63": 1.0, "64": 1.0, "65": 1.0, "66": 1.0, "67": 1.0, "68": 1.0, "69": 1.0, "70": 1.0, "71": 1.0, "72": 1.0, "73": 1.0, "74": 1.0, "75": 1.0, "76": 1.0, "77": 1.0, "78": 1.0, "79": 1.0, "80": 1.0, "81": 1.0, "82": 1.0, "83": 1.0, "84": 1.0, "85": 1.0, "86": 1.0, "87": 1.0, "88": 1.0, "89": 1.0, "90": 1.0, "91": 1.0, "92": 1.0, "93": 1.0, "94": 1.0, "95": 1.0, "96": 1.0, "97": 1.0, "98": 1.0, "99": 1.0}}