{"bce_loss": {"1": 0.16378641969247446, "2": 0.13546774750323715, "3": 0.09253519888010782, "4": 0.1518310014838101, "5": 0.07398480901847014, "6": 0.08124625960969038, "7": 0.10931750404572971, "8": 0.06730483278531481, "9": 0.09602238193808778, "10": 0.07652973621529904, "11": 0.14630864783366387, "12": 0.06039992410286858, "13": 0.06498701247462146, "14": 0.056764400274668995, "15": 0.0561522482894361, "16": 0.05494227264126813, "17": 0.0612952871676031, "18": 0.055906409655722814, "19": 0.04812956337087058, "20": 0.04794883229643912, "21": 0.05088713764515076, "22": 0.04389170090340682, "23": 0.04332439138906429, "24": 0.04357824611125161, "25": 0.05444707625822441, "26": 0.05838190173931621, "27": 0.054713346919900666, "28": 0.04303072100329037, "29": 0.05498004872729448, "30": 0.05034436005469713, "31": 0.03760797298840574, "32": 0.03589843917084304, "33": 0.03550112365140907, "34": 0.035104627903500524, "35": 0.034778327769222295, "36": 0.034493768052827264, "37": 0.03424112030581848, "38": 0.03401636035886366, "39": 0.03381666439786755, "40": 0.03363402282215051, "41": 0.03346266829081484, "42": 0.03329993068316096, "43": 0.03314214567276272, "44": 0.03298818517627346, "45": 0.0328373804096938, "46": 0.03269389238384728, "47": 0.0325562597151745, "48": 0.03242444947387117, "49": 0.03229918329649278, "50": 0.03217611656322874, "51": 0.032058083559260576, "52": 0.031956308961820765, "53": 0.03183116585116934, "54": 0.031758406533029034, "55": 0.03166173647686436, "56": 0.031568990347000794, "57": 0.03147087774138797, "58": 0.03137870329885265, "59": 0.03128787027546079, "60": 0.031195159391122492, "61": 0.031106491315153403, "62": 0.03101747259623497, "63": 0.030931738488426484, "64": 0.030838279833866132, "65": 0.030746584525331855, "66": 0.030643612127499404, "67": 0.030552324713081926, "68": 0.030437122740958993, "69": 0.030330540845170617, "70": 0.030217631380199582, "71": 0.030116946367244865, "72": 0.030037777932562137, "73": 0.029960548328990873, "74": 0.029900532782178472, "75": 0.029823183094629564, "76": 0.02979223208023688, "77": 0.029780550658501482, "78": 0.029746110028763477, "79": 0.02975384994233782, "80": 0.029826627276535775, "81": 0.02982771458934892, "82": 0.02987609605455922, "83": 0.03008091776958994, "84": 0.03031846638013785, "85": 0.03026185878174933, "86": 0.03120619003233072, "87": 0.031623413559754156, "88": 0.03230114835566161, "89": 0.03219977188603701, "90": 0.033001279508745346, "91": 0.02910503968470604, "92": 0.028787216888992367, "93": 0.028660686541902455, "94": 0.028568462185511314, "95": 0.02851286972243641, "96": 0.028469785393492597, "97": 0.028431953100890323, "98": 0.028396487040948624, "99": 0.028362703918655578, "100": 0.028330687458652096}, "dice_loss": {"1": 0.5864488075713854, "2": 0.5447766664060386, "3": 0.5348992144336572, "4": 0.5334147688102078, "5": 0.49415870695500763, "6": 0.4362360810911333, "7": 0.49177765725432215, "8": 0.42126711880838547, "9": 0.4608670811395387, "10": 0.463401058638418, "11": 0.48611481769664866, "12": 0.4062788822763675, "13": 0.40225572662579046, "14": 0.3588940704593787, "15": 0.34757876094128637, "16": 0.33965862602800934, "17": 0.34994874330791265, "18": 0.3347859863896628, "19": 0.2928861242693824, "20": 0.2878035679459572, "21": 0.2811362193645658, "22": 0.2507293770039404, "23": 0.2453320870125616, "24": 0.24262808021661397, "25": 0.3024797137524631, "26": 0.34695814549922943, "27": 0.31608387344592326, "28": 0.24727964703295682, "29": 0.29998795929792765, "30": 0.2806603000373454, "31": 0.21805612823447665, "32": 0.21031790287108035, "33": 0.20860562554082354, "34": 0.20727670655862704, "35": 0.2061688015992577, "36": 0.20514890370336739, "37": 0.2042018749021195, "38": 0.203296842808659, "39": 0.20241629996815244, "40": 0.20154466238376256, "41": 0.20066745257055438, "42": 0.19979729523529877, "43": 0.19892065710312612, "44": 0.19804399621647759, "45": 0.19715596332743363, "46": 0.1962586689639736, "47": 0.19535587466246374, "48": 0.19445079303271062, "49": 0.19351884259565458, "50": 0.1925224142300116, "51": 0.19130363577121012, "52": 0.19020122672254974, "53": 0.18932313995586858, "54": 0.188464530013703, "55": 0.18763509775335724, "56": 0.18686024945329976, "57": 0.18609243389722463, "58": 0.18534873909241445, "59": 0.18461594710478912, "60": 0.18392406001284317, "61": 0.18324737069574562, "62": 0.18258294986711965, "63": 0.1819272528629045, "64": 0.18123614949149056, "65": 0.18049019575119019, "66": 0.17968186554876533, "67": 0.1788590711516303, "68": 0.17796018055161913, "69": 0.17707185668719783, "70": 0.17613962816225515, "71": 0.17526280839700956, "72": 0.17450914068801984, "73": 0.1737314839218114, "74": 0.17306697147118077, "75": 0.1725327197361637, "76": 0.17237359184671092, "77": 0.17256283860754323, "78": 0.17282177407193827, "79": 0.17265787136715813, "80": 0.17343407285374565, "81": 0.1730283778664228, "82": 0.1716369698579247, "83": 0.1740912829299231, "84": 0.17056041955947876, "85": 0.171049154489427, "86": 0.17459183669573552, "87": 0.1794137692934758, "88": 0.17875895971381986, "89": 0.18365435946632075, "90": 0.19473647004043734, "91": 0.17352662638232513, "92": 0.16879950947052724, "93": 0.16752143244485598, "94": 0.1667962245441772, "95": 0.16632047396253896, "96": 0.16597280913108103, "97": 0.16569527097650477, "98": 0.1654570843722369, "99": 0.16524563588806102, "100": 0.1650547304668942}, "total_loss": {"1": 0.3751176132543667, "2": 0.34012220739512833, "3": 0.3137172061849285, "4": 0.3426228870411177, "5": 0.2840717557717014, "6": 0.2587411693624548, "7": 0.3005475798571432, "8": 0.24428597636319496, "9": 0.2784447311549573, "10": 0.26996539674095205, "11": 0.31621173326228114, "12": 0.23333940413352605, "13": 0.23362137014801437, "14": 0.20782923517194954, "15": 0.2018655035141352, "16": 0.19730044941644412, "17": 0.20562201577263908, "18": 0.19534619696236946, "19": 0.17050784383271192, "20": 0.1678762002973943, "21": 0.16601167780322, "22": 0.14731053907323527, "23": 0.1443282383921984, "24": 0.14310316298459028, "25": 0.17846339498017286, "26": 0.20267002264390122, "27": 0.18539860844612122, "28": 0.14515518477639636, "29": 0.17748400307184942, "30": 0.1655023297345316, "31": 0.12783205046041593, "32": 0.12310817173203907, "33": 0.12205337430979754, "34": 0.1211906685619741, "35": 0.12047356447658024, "36": 0.11982133622105057, "37": 0.11922149803187396, "38": 0.11865660226022876, "39": 0.11811648248820691, "40": 0.11758934243305309, "41": 0.11706505937350763, "42": 0.11654861210971265, "43": 0.11603140106072297, "44": 0.11551609192345594, "45": 0.11499667207936982, "46": 0.11447628084066752, "47": 0.11395606761043137, "48": 0.1134376211746319, "49": 0.1129090125496323, "50": 0.11234926472644548, "51": 0.11168085985087059, "52": 0.11107876836448102, "53": 0.11057715279025, "54": 0.11011146874846639, "55": 0.10964841677530392, "56": 0.10921461980890583, "57": 0.10878165489113009, "58": 0.10836372141902512, "59": 0.10795190869956403, "60": 0.10755961025888855, "61": 0.10717693152459892, "62": 0.10680021164385048, "63": 0.10642949652832907, "64": 0.10603721449906761, "65": 0.10561838937369553, "66": 0.10516273854552088, "67": 0.10470569778133083, "68": 0.10419865184136338, "69": 0.10370119882596505, "70": 0.10317862939995688, "71": 0.10268987775654406, "72": 0.10227345856460365, "73": 0.10184601654072066, "74": 0.10148375219589956, "75": 0.10117795197544871, "76": 0.10108291196662027, "77": 0.1011716948973166, "78": 0.10128394202203364, "79": 0.10120585973601083, "80": 0.10163035072587631, "81": 0.10142804641981383, "82": 0.10075653394734538, "83": 0.10208610042526915, "84": 0.10043944267405046, "85": 0.10065550628948856, "86": 0.10289901293612816, "87": 0.10551859096095369, "88": 0.10553005317578444, "89": 0.1079270652419812, "90": 0.11386887527800896, "91": 0.10131583312476003, "92": 0.09879336244351156, "93": 0.09809105974194166, "94": 0.09768234344350325, "95": 0.09741667265424857, "96": 0.09722129799224236,