{"bce_loss": {"1": 0.3490427867287681, "2": 0.22651572702896028, "3": 0.17711700688278864, "4": 0.1431355003326658, "5": 0.11747507248369474, "6": 0.09682362680397337, "7": 0.07962683895750651, "8": 0.06648730631503794, "9": 0.05686796359008267, "10": 0.04941698950197962, "11": 0.04311620551974527, "12": 0.036613063886761665, "13": 0.03150161080771968, "14": 0.028020683040339795, "15": 0.024684332665942964, "16": 0.021673229212562244, "17": 0.021098755070910094, "18": 0.02037052031872528, "19": 0.019479998335656192, "20": 0.019100678478559806, "21": 0.01933808931489549, "22": 0.018731042557942962, "23": 0.018398472847091774, "24": 0.01870035141381243, "25": 0.018306659183479727, "26": 0.01840498011987952, "27": 0.018024771407778774, "28": 0.01849151165446355, "29": 0.018098197441311584, "30": 0.018187600228610257, "31": 0.018059441154556616, "32": 0.016721536737999747, "33": 0.016663975278211254, "34": 0.01663370780085051, "35": 0.016573691352580983, "36": 0.016547477804124355, "37": 0.016364896621939445, "38": 0.01630971212280057, "39": 0.016558138938206766, "40": 0.01633286609920481, "41": 0.01627044881220966, "42": 0.016324764302384758, "43": 0.0163141870834229, "44": 0.016252651522379546, "45": 0.01631278886888472, "46": 0.016434050612299453, "47": 0.01633724535904115, "48": 0.016191582498510205, "49": 0.01629633636080793, "50": 0.016419999756007678, "51": 0.01621893474403473, "52": 0.01639079919735354, "53": 0.0162055260716154, "54": 0.016316893477258936, "55": 0.016309157346508334, "56": 0.016346955306029747, "57": 0.016197360549417752, "58": 0.016225303722811595, "59": 0.01649964743086861, "60": 0.016457120570102856, "61": 0.01622909701813663, "62": 0.01618244072481517, "63": 0.01630516479619675, "64": 0.016542669744156892, "65": 0.01633923534407384, "66": 0.01627501177911957, "67": 0.016488443708993376, "68": 0.01647912075610033, "69": 0.01638586871281621, "70": 0.01646412354672239, "71": 0.016197569675684448, "72": 0.016196559885487197, "73": 0.016347928985302882, "74": 0.016359828113179122, "75": 0.016221906952855605, "76": 0.016227427493071274, "77": 0.01612789330944892, "78": 0.016358559415306128, "79": 0.016344636593694017, "80": 0.01636892545687419, "81": 0.01629265655379092, "82": 0.01633999591678499, "83": 0.01637445749079306, "84": 0.016246483369272143, "85": 0.01630688975343392, "86": 0.01628322487268301, "87": 0.016198535564370335, "88": 0.016347264667736398, "89": 0.016212997961759804, "90": 0.016380236062797763, "91": 0.01628950522798631, "92": 0.01632923173481628, "93": 0.016308367566486435, "94": 0.016405035641842654, "95": 0.016278911577833313, "96": 0.016255292095362195, "97": 0.01622534587254955, "98": 0.016223049330865106, "99": 0.01623285143074417, "100": 0.016451014834086574}, "dice_loss": {"1": 0.9920458665915898, "2": 0.991814125624914, "3": 0.989362540226134, "4": 0.9845232457395584, "5": 0.9745075064046043, "6": 0.9612861644654047, "7": 0.9453597849323636, "8": 0.9285164158495646, "9": 0.9045435767325144, "10": 0.8816195943998912, "11": 0.8463189791119288, "12": 0.8252016296462407, "13": 0.7924600806501176, "14": 0.759033662459207, "15": 0.7326656877994537, "16": 0.7020942180875748, "17": 0.6783209485667092, "18": 0.6595547080986084, "19": 0.6334862981050734, "20": 0.6184194310316964, "21": 0.6114672389295366, "22": 0.591495484586746, "23": 0.5801193184322782, "24": 0.5722818961219182, "25": 0.5601508761682208, "26": 0.5523626683723359, "27": 0.5411128162864655, "28": 0.5374720666616682, "29": 0.5320143127252185, "30": 0.5290210206830313, "31": 0.5228760178600039, "32": 0.4935560209883584, "33": 0.48279558145810686, "34": 0.47862242304143454, "35": 0.47912331067380454, "36": 0.4751885429261223, "37": 0.47111094944060794, "38": 0.46823783549997544, "39": 0.46766528203373864, "40": 0.46706466991750023, "41": 0.46713901393943363, "42": 0.46630019044119214, "43": 0.4668724967373742, "44": 0.46494055291016895, "45": 0.4660131891095449, "46": 0.46710495745378827, "47": 0.4650938896432755, "48": 0.46361086292872355, "49": 0.46594147478777265, "50": 0.4682443357176251, "51": 0.4646654377381007, "52": 0.4677719627580946, "53": 0.46455313076102545, "54": 0.46757154616098556, "55": 0.4641320232361082, "56": 0.46470030148824054, "57": 0.46703466181717224, "58": 0.4649784713983536, "59": 0.46878446236489313, "60": 0.467696119158987, "61": 0.4652257961413217, "62": 0.46613504276389167, "63": 0.4650957790159044, "64": 0.46558920353177996, "65": 0.4659638501822002, "66": 0.4665535255557015, "67": 0.4663389266010315, "68": 0.46870586630843936, "69": 0.4661940154102113, "70": 0.4677957504514664, "71": 0.46501371666552527, "72": 0.4653005401293437, "73": 0.4670715265803867, "74": 0.46606054216150256, "75": 0.46526455429811325, "76": 0.46593377277964637, "77": 0.46320234262754045, "78": 0.4681370227582871, "79": 0.46497545001052676, "80": 0.4671461960626027, "81": 0.46624107989999986, "82": 0.4672589493649347, "83": 0.466680023405287, "84": 0.4648741405634653, "85": 0.4669407651064888, "86": 0.465012335824588, "87": 0.4649454416736724, "88": 0.46569574328642044, "89": 0.46410771140030455, "90": 0.4661639855494575, "91": 0.4657497290107939, "92": 0.46612198414310574, "93": 0.4659648249073634, "94": 0.46633590663236285, "95": 0.46585942189844826, "96": 0.46514458812418435, "97": 0.4654268455647287, "98": 0.4650854827865722, "99": 0.46567821833822465, "100": 0.4672779223275563}, "total_loss": {"1": 0.6705443263053894, "2": 0.6091649267408583, "3": 0.5832397715439872, "4": 0.563829372326533, "5": 0.5459912878180307, "6": 0.5290548957529522, "7": 0.5124933076283288, "8": 0.4975018598257549, "9": 0.4807057697621603, "10": 0.4655182919805012, "11": 0.44471759053449783, "12": 0.4309073457169154, "13": 0.411980845388912, "14": 0.39352717167801327, "15": 0.37867500975964563, "16": 0.3618837242561673, "17": 0.3497098511646664, "18": 0.3399626151436851, "19": 0.32648314854928423, "20": 0.31876005457034184, "21": 0.31540266306154313, "22": 0.30511326378300074, "23": 0.2992588953366355, "24": 0.29549112253718907, "25": 0.2892287676296537, "26": 0.28538382337206886, "27": 0.27956879292688674, "28": 0.2779817886295773, "29": 0.27505625488739166, "30": 0.2736043099846159, "31": 0.2704677286129149, "32": 0.2551387788520919, "33": 0.24972977796717297, "34": 0.24762806580180213, "35": 0.2478485004532905, "36": 0.24586801053512664, "37": 0.24373792289268403, "38": 0.24227377322931137, "39": 0.2421117110384835, "40": 0.24169876816726865, "41": 0.24170473052395713, "42": 0.24131247720548085, "43": 0.24159334032308488, "44": 0.24059660188735477, "45": 0.24116298887464735, "46": 0.2417695037429295, "47": 0.24071556637211453, "48": 0.23990122217034537, "49": 0.2411189042623081, "50": 0.24233216827824003, "51": 0.24044218647574622, "52": 0.24208138114403163, "53": 0.24037932852904, "54": 0.24194422068576965, "55": 0.24022058965194792, "56": 0.24052362747135617, "57": 0.24161601066589355, "58": 0.24060188766036714, "59": 0.24264205460037505, "60": 0.242076618803872, "61": 0.24072744614548153, "62": 0.24115874228023348, "63": 0.24070047137756195, "64": 0.24106593595610726, "65": 0.24115154277237635, "66": 0.2414142688115438, "67": 0.24141368482794082, "68": 0.24259249416608658, "69": 0.2412899418009652, "70": 0.2421299372873609, "71": 0.24060564192514572, "72": 0.24074854902804843, "73": 0.24170972797132673, "74": 0.24121018475483333, "75": 0.24074323049613408, "76": 0.24108060059093295, "77": 0.23966511752870348, "78": 0.2422477909260326, "79": 0.24066004334461122, "80": 0.2417575597526535, "81": 0.24126686877201473, "82": 0.24179947127898535, "83": 0.24152723959987127, "84": 0.24056031223800448, "85": 0.2416238278623611, "86": 0.24064777968894868, "87": 0.2405719877708526, "88": 0.24102150400479636, "89": 0.24016035466440142, "90": 0.2412721109059122, "91": 0.24101961735222074, "92": 0.24122560710187943, "93": 0.24113659596159345, "94": 0.2413704705143732, "95": 0.24106916761587535, "96": 0.24069994049412863, "97": 0.24082609591266466, "98": 0.24065426583327945,