{"f1": {"1": 0.0, "2": 0.0, "3": 0.0, "4": 0.09948542024013722, "5": 0.4680262703076391, "6": 0.5091761030847325, "7": 0.320025550942191, "8": 0.5529482551143201, "9": 0.22633017199807104, "10": 0.2537399309551208, "11": 0.6228453229142725, "12": 0.33970925784238715, "13": 0.05575158786167961, "14": 0.6474251860853714, "15": 0.40209508460918614, "16": 0.4955116696588869, "17": 0.44294294294294295, "18": 0.27115559599636035, "19": 0.6411749810078501, "20": 0.28066172276098117, "21": 0.3207847295864263, "22": 0.6899732944889536, "23": 0.29020664869721474, "24": 0.42243713733075433, "25": 0.7731534791906564, "26": 0.5572207084468664, "27": 0.33148087610330174, "28": 0.5780752071383046, "29": 0.4546031746031746, "30": 0.6180639935196436, "31": 0.5610310841546626, "32": 0.3383869011522135, "33": 0.4069686411149826, "34": 0.7567748410839745, "35": 0.5370086778968862, "36": 0.7850609756097561, "37": 0.4652936689549962, "38": 0.5050602409638554, "39": 0.7204301075268817, "40": 0.6346153846153846, "41": 0.7660917122423223, "42": 0.6606193306224586, "43": 0.6543310954642214, "44": 0.6100587851077727, "45": 0.7518442018294482, "46": 0.7536466774716369, "47": 0.6327329678935004, "48": 0.7960868236013452, "49": 0.5428948526176859, "50": 0.4731337901190047, "51": 0.7431536465840299, "52": 0.5771243458759033, "53": 0.55, "54": 0.5999456078324721, "55": 0.705507510241238, "56": 0.8284639861151287, "57": 0.466412213740458, "58": 0.7517053206002728, "59": 0.3952964723542657, "60": 0.6486019025655808, "61": 0.6224237427864798, "62": 0.6107784431137725, "63": 0.5614170196380439, "64": 0.42876224398931434, "65": 0.6647326978864484, "66": 0.6962822936357907, "67": 0.6486976217440543, "68": 0.2202681908111673, "69": 0.49415204678362573, "70": 0.35908756438557765, "71": 0.6701208981001727, "72": 0.7860332927324402, "73": 0.7861271676300579, "74": 0.5846774193548387, "75": 0.8419171405361495, "76": 0.7011537030145143, "77": 0.6695989650711514, "78": 0.5624252094136418, "79": 0.6688963210702341, "80": 0.7498795180722891, "81": 0.25588235294117645, "82": 0.6865342163355408, "83": 0.622203461376108, "84": 0.7853976531942634, "85": 0.7313304721030043, "86": 0.6450304259634888, "87": 0.36775956284153005, "88": 0.734860883797054, "89": 0.7916792282182695, "90": 0.5818713450292398, "91": 0.7868453105968332, "92": 0.40931482310792655, "93": 0.8182921893970052, "94": 0.24192139737991267, "95": 0.5566801619433198, "96": 0.6011326860841424, "97": 0.7488082141547489, "98": 0.8266181440083181, "99": 0.45830553702468313, "100": 0.6236959761549925}, "asd": {"0": 27.21551247932376, "1": 29.641110982978983, "2": 0, "3": 14.55602062266828, "4": 14.226481175247194, "5": 4.410826944847494, "6": 8.254037107969712, "7": 2.302384581110521, "8": 21.5168797269775, "9": 7.897501990549019, "10": 6.70517098621672, "11": 16.553470547218705, "12": 31.685663373757055, "13": 1.4967708992868525, "14": 11.427305857232689, "15": 12.867492877209502, "16": 21.41860424479123, "17": 19.25825004115577, "18": 5.652354556545748, "19": 26.565986561198084, "20": 16.701835546211708, "21": 0.5277422572824867, "22": 14.084905549796332, "23": 20.54144267959525, "24": 1.1169768839629721, "25": 13.657581498794702, "26": 28.81288362828836, "27": 4.609563549192459, "28": 7.347421641424422, "29": 6.977539212503557, "30": 6.3753957132436785, "31": 8.743969477339206, "32": 33.96921585346468, "33": 4.635038609639544, "34": 13.19911616221286, "35": 1.0501245341908163, "36": 23.39624633437108, "37": 10.845167670825733, "38": 7.489622597868023, "39": 6.810221500466966, "40": 9.322978012915167, "41": 8.338035782861999, "42": 16.12577223499836, "43": 1.6302295462179672, "44": 1.280846398429391, "45": 2.2735077820547334, "46": 3.0295010263662965, "47": 0.6898315822510902, "48": 26.452796879997926, "49": 6.083527548073229, "50": 2.629875966711992, "51": 9.96228923675347, "52": 20.4321056646862, "53": 2.9529973979043884, "54": 1.1848317327660585, "55": 1.3596763187788954, "56": 12.939261177881908, "57": 2.4733356609146537, "58": 25.01650714776388, "59": 6.029169069111008, "60": 5.270801564884582, "61": 2.3956367061538013, "62": 12.283836195203238, "63": 8.801084391209663, "64": 2.1353885194998683, "65": 7.421467339835189, "66": 5.141570572745986, "67": 26.18799911957955, "68": 14.079212105903135, "69": 45.204555060946134, "70": 11.063601604876986, "71": 0.6517319438885869, "72": 0.6879916755409083, "73": 4.332576283647325, "74": 0.8075079072920368, "75": 3.7622947340592066, "76": 3.817866181318231, "77": 33.19730855426202, "78": 1.928337411688491, "79": 0.4843951044793142, "80": 13.721981827929067, "81": 3.5271947735610563, "82": 2.750886954044172, "83": 0.906850493506827, "84": 6.692270223755323, "85": 0.46720545162326005, "86": 13.07935505863572, "87": 0.4347285264358516, "88": 0.7217918000013773, "89": 25.34422650413707, "90": 0.33489656118371824, "91": 15.245872077370029, "92": 3.0078243945731438, "93": 21.91682688084607, "94": 3.156132147829716, "95": 7.477823165331907, "96": 2.4782975756730616, "97": 1.767409053518745, "98": 19.236447788566828, "99": 1.9428114985578449}, "hd95": {"0": 214.93301281825958, "1": 195.01588785156858, "2": 0, "3": 36.48423134133081, "4": 49.19086742886665, "5": 22.22611077089287, "6": 27.748873851023216, "7": 73.76750683427761, "8": 55.5517776493246, "9": 34.85684126858409, "10": 26.70205984563738, "11": 46.2709412050371, "12": 78.44106067615353, "13": 7.280109889280518, "14": 40.45800267589164, "15": 38.345791886915954, "16": 65.02537924681448, "17": 55.66410594682882, "18": 34.20818315654541, "19": 85.2478734379726, "20": 50.28916384272063, "21": 5.385164807134504, "22": 44.0, "23": 58.30780030340043, "24": 5.0, "25": 47.86959323645391, "26": 102.19193577606116, "27": 19.131126469708992, "28": 24.36287946334666, "29": 26.349569570424997, "30": 29.576990379353553, "31": 36.6333181680284, "32": 107.45650263749538, "33": 8.840930106817014, "34": 80.03936511739963, "35": 6.324555320336759, "36": 86.20440524309272, "37": 38.38353416068944, "38": 39.67366884975475, "39": 34.88839125173919, "40": 43.761281205788286, "41": 58.07925609150722, "42": 62.37788069500277, "43": 7.211102550927978, "44": 12.206555615733702, "45": 12.041594578792296, "46": 22.1291557840285, "47": 2.0, "48": 82.12186067059123, "49": 31.78049716414141, "50": 13.023042886243175, "51": 88.10673220668087, "52": 68.09552114493287, "53": 12.083045973594572, "54": 3.1622776601683795, "55": 2.23606797749979, "56": 54.203782118583035, "57": 3.605551275463989, "58": 64.89524704638154, "59": 32.106016131413796, "60": 22.22611077089287, "61": 9.057802986469072, "62": 44.49044750496351, "63": 28.777531869649916, "64": 7.54983443527075, "65": 45.33265656205211, "66": 19.235384061671343, "67": 51.633322573702344, "68": 47.16990566028302, "69": 91.68424073961675, "70": 51.0, "71": 3.605551275463989, "72": 2.23606797749979, "73": 13.96424004376894, "74": 3.1622776601683795, "75": 18.968333088307336, "76": 17.4928556845359, "77": 111.06979739605079, "78": 13.074782229611177, "79": 2.23606797749979, "80": 35.07135583350036, "81": 22.569869207842153, "82": 7.252506953939496, "83": 8.61970389828314, "84": 34.12550288077239, "85": 10.44030650891055, "86": 49.40799486159702, "87": 3.605551275463989, "88": 3.0, "89": 86.57482032483841, "90": 4.920820393249889, "91": 49.70914798184505, "92": 3.1622776601683795, "93": 65.23534217845364, "94": 10.04987562112089, "95": 30.612852954089888, "96": 5.385164807134504, "97": 3.605551275463989, "98": 55.46079360406678, "99": 15.297058540778355}}