{"bce_loss": {"1": 0.40991373360157013, "2": 0.23552584648132324, "3": 0.22175909578800201, "4": 0.163054957985878, "5": 0.14778060466051102, "6": 0.12836356088519096, "7": 0.11806904897093773, "8": 0.1095145121216774, "9": 0.10522882640361786, "10": 0.1027696318924427, "11": 0.10119297727942467, "12": 0.10032520070672035, "13": 0.10102051123976707, "14": 0.10092780366539955, "15": 0.09823229536414146, "16": 0.09577115252614021, "17": 0.09229328483343124, "18": 0.08825511485338211, "19": 0.08551107347011566, "20": 0.08376589044928551, "21": 0.08225968852639198, "22": 0.08077070489525795, "23": 0.07931432500481606, "24": 0.07773687690496445, "25": 0.07632170990109444, "26": 0.07506113499403, "27": 0.07374900951981544, "28": 0.07292236015200615, "29": 0.07184121385216713, "30": 0.07108782045543194, "31": 0.06998110003769398, "32": 0.06909275241196156, "33": 0.06787387654185295, "34": 0.06702672876417637, "35": 0.06578386388719082, "36": 0.06619824282824993, "37": 0.06590488366782665, "38": 0.07098808139562607, "39": 0.07109351083636284, "40": 0.06792437098920345, "41": 0.06687475554645061, "42": 0.06586902216076851, "43": 0.0660019051283598, "44": 0.06379044242203236, "45": 0.06068573705852032, "46": 0.061122043058276176, "47": 0.059927091002464294, "48": 0.058487314730882645, "49": 0.059370698407292366, "50": 0.05825192108750343, "51": 0.0572099257260561, "52": 0.057612234726548195, "53": 0.0559139009565115, "54": 0.05511937104165554, "55": 0.05512106046080589, "56": 0.05532681196928024, "57": 0.05517783388495445, "58": 0.0545912217348814, "59": 0.05368027277290821, "60": 0.053288184106349945, "61": 0.05269991420209408, "62": 0.05233081057667732, "63": 0.051780855283141136, "64": 0.05125458538532257, "65": 0.05092877894639969, "66": 0.05042283609509468, "67": 0.04995747469365597, "68": 0.049412429332733154, "69": 0.048793746158480644, "70": 0.04839111305773258, "71": 0.04830143600702286, "72": 0.04832949675619602, "73": 0.048998141661286354, "74": 0.0491089578717947, "75": 0.05983060970902443, "76": 0.06178430840373039, "77": 0.05308939330279827, "78": 0.05074235238134861, "79": 0.047808533534407616, "80": 0.04822252504527569, "81": 0.04858334735035896, "82": 0.04729660600423813, "83": 0.046741124242544174, "84": 0.04721597768366337, "85": 0.047043364495038986, "86": 0.046377990394830704, "87": 0.04619651660323143, "88": 0.046240536496043205, "89": 0.046009721234440804, "90": 0.04585001990199089, "91": 0.04600291699171066, "92": 0.046047817915678024, "93": 0.04588637314736843, "94": 0.045807814225554466, "95": 0.045804912224411964, "96": 0.04572867602109909, "97": 0.04566290229558945, "98": 0.04566521383821964, "99": 0.045612165704369545, "100": 0.045485520735383034}, "dice_loss": {"1": 0.8226501643657684, "2": 0.5322036445140839, "3": 0.4422970712184906, "4": 0.4088248312473297, "5": 0.418331503868103, "6": 0.39397332072257996, "7": 0.37125517427921295, "8": 0.35051506757736206, "9": 0.33358290791511536, "10": 0.3169306367635727, "11": 0.3065822273492813, "12": 0.2969954311847687, "13": 0.2882360965013504, "14": 0.28140120208263397, "15": 0.2760820686817169, "16": 0.27216845750808716, "17": 0.2683350592851639, "18": 0.2647320628166199, "19": 0.2612919509410858, "20": 0.2570063844323158, "21": 0.25278256088495255, "22": 0.2484591230750084, "23": 0.24502603709697723, "24": 0.2408781349658966, "25": 0.237130306661129, "26": 0.23356573283672333, "27": 0.22976869344711304, "28": 0.22691670805215836, "29": 0.2230047956109047, "30": 0.2200239822268486, "31": 0.21657629311084747, "32": 0.21482589840888977, "33": 0.21191883087158203, "34": 0.21094512194395065, "35": 0.20762456208467484, "36": 0.20841122418642044, "37": 0.2071676179766655, "38": 0.2109411582350731, "39": 0.20934604853391647, "40": 0.21035107970237732, "41": 0.20637797564268112, "42": 0.2014077752828598, "43": 0.20657774060964584, "44": 0.20088054239749908, "45": 0.19355835765600204, "46": 0.1942945346236229, "47": 0.19156534224748611, "48": 0.18776057660579681, "49": 0.18899402767419815, "50": 0.18536562472581863, "51": 0.18185735493898392, "52": 0.1822064369916916, "53": 0.18014874309301376, "54": 0.1777326837182045, "55": 0.17639775574207306, "56": 0.17463865131139755, "57": 0.17234717309474945, "58": 0.1709163635969162, "59": 0.1702626869082451, "60": 0.1691446378827095, "61": 0.16766003519296646, "62": 0.16622847318649292, "63": 0.16519100964069366, "64": 0.16431890428066254, "65": 0.16316021233797073, "66": 0.1618911698460579, "67": 0.16064121574163437, "68": 0.15932096540927887, "69": 0.15766409039497375, "70": 0.15665852278470993, "71": 0.15564272552728653, "72": 0.15571588277816772, "73": 0.15826493501663208, "74": 0.15617776662111282, "75": 0.17952723801136017, "76": 0.1782682090997696, "77": 0.16931727528572083, "78": 0.16218896955251694, "79": 0.1552176997065544, "80": 0.15742804110050201, "81": 0.15842920541763306, "82": 0.15446511656045914, "83": 0.1526564359664917, "84": 0.15365755558013916, "85": 0.15277095139026642, "86": 0.1509193629026413, "87": 0.15090641379356384, "88": 0.15133655816316605, "89": 0.15045106410980225, "90": 0.14952555298805237, "91": 0.14949671179056168, "92": 0.14916040748357773, "93": 0.14845584332942963, "94": 0.14828623086214066, "95": 0.14835301041603088, "96": 0.14802683144807816, "97": 0.1476536989212036, "98": 0.14757788181304932, "99": 0.14747687429189682, "100": 0.14725838601589203}, "total_loss": {"1": 0.6162819564342499, "2": 0.38386474549770355, "3": 0.3320280909538269, "4": 0.28593988716602325, "5": 0.2830560505390167, "6": 0.26116843521595, "7": 0.2446621060371399, "8": 0.23001479357481003, "9": 0.2194058671593666, "10": 0.20985013246536255, "11": 0.20388760417699814, "12": 0.19866031408309937, "13": 0.1946283057332039, "14": 0.1911645010113716, "15": 0.18715718388557434, "16": 0.18396981060504913, "17": 0.18031417578458786, "18": 0.1764935925602913, "19": 0.17340151220560074, "20": 0.17038614302873611, "21": 0.1675211265683174, "22": 0.16461491584777832, "23": 0.1621701866388321, "24": 0.15930750221014023, "25": 0.15672601014375687, "26": 0.15431343019008636, "27": 0.1517588496208191, "28": 0.1499195322394371, "29": 0.14742300659418106, "30": 0.14555589854717255, "31": 0.14327869564294815, "32": 0.14195933192968369, "33": 0.13989635556936264, "34": 0.13898592442274094, "35": 0.1367042139172554, "36": 0.13730473071336746, "37": 0.13653624802827835, "38": 0.14096461981534958, "39": 0.1402197778224945, "40": 0.13913773000240326, "41": 0.13662637025117874, "42": 0.1336384043097496, "43": 0.1362898200750351, "44": 0.13233549147844315, "45": 0.12712204828858376, "46": 0.1277082897722721, "47": 0.1257462166249752, "48": 0.12312394380569458, "49": 0.12418236583471298, "50": 0.12180877476930618, "51": 0.11953363940119743, "52": 0.11990933865308762, "53": 0.1180313229560852, "54": 0.1164260283112526, "55": 0.11575940996408463, "56": 0.1149827316403389, "57": 0.1137625053524971, "58": 0.11275378987193108, "59": 0.11197148263454437, "60": 0.11121641099452972, "61": 0.11017997562885284, "62": 0.10927964374423027, "63": 0.10848593339323997, "64": 0.10778674483299255, "65": 0.10704449564218521, "66": 0.10615700483322144, "67": 0.10529934614896774, "68": 0.10436669737100601, "69": 0.10322891920804977, "70": 0.10252481698989868, "71": 0.1019720807671547, "72": 0.1020226888358593, "73": 0.10363153740763664, "74": 0.10264336317777634, "75": 0.11967892199754715, "76": 0.12002625688910484, "77": 0.11120333522558212, "78": 0.1064656600356102, "79": 0.10151311755180359, "80": 0.10282528400421143, "81": 0.10350627824664116, "82": 0.10088086128234863, "83": 0.09969878196716309, "84": 0.10043676570057869, "85": 0.09990715980529785, "86": 0.09864867851138115, "87": 0.09855146706104279, "88": 0.0987885482609272, "89": 0.09823039174079895, "90": 0.09768778830766678, "91": 0.09774981439113617, "92": 0.09760411456227303, "93": 0.0971711091697216, "94": 0.09704701974987984, "95": 0.09707896411418915, "96": 0.09687775373458862, "97": 0.09665830060839653,