{"f1": {"1": 0.19155932558383076, "2": 0.618153900667336, "3": 0.6407407034264586, "4": 0.6994372483384272, "5": 0.6873915183544468, "6": 0.7159090909090909, "7": 0.7348522898497786, "8": 0.7442050444194833, "9": 0.746291541428867, "10": 0.7590721903488086, "11": 0.767083190118748, "12": 0.7801322374764682, "13": 0.7838348260320477, "14": 0.7831999732908955, "15": 0.7923918731372147, "16": 0.7971383951127647, "17": 0.7952431704717563, "18": 0.8035829418808142, "19": 0.8066346573548668, "20": 0.8064366042146593, "21": 0.8115925368158461, "22": 0.8130473901802899, "23": 0.8152988704379771, "24": 0.8186421411594502, "25": 0.8210403726708074, "26": 0.8245950382862457, "27": 0.8268864209649253, "28": 0.8294563857744524, "29": 0.831699887046904, "30": 0.8343252151620583, "31": 0.83665447274545, "32": 0.8383830284424793, "33": 0.8402362838580937, "34": 0.8419631420427663, "35": 0.8427398492857946, "36": 0.8423970798872614, "37": 0.8429151528104296, "38": 0.8418114143920595, "39": 0.8443323683734395, "40": 0.838842411566791, "41": 0.8474628202408729, "42": 0.8433455285002155, "43": 0.8450883993570956, "44": 0.8485098599089854, "45": 0.8537226075535175, "46": 0.8524958461070418, "47": 0.8536963059383276, "48": 0.8582971002088398, "49": 0.8549351317368692, "50": 0.8592267754285909, "51": 0.8614879500216603, "52": 0.8632833622881599, "53": 0.8644705345947794, "54": 0.8667775903724302, "55": 0.8676699532952776, "56": 0.8671655436291607, "57": 0.8695393009846739, "58": 0.8699064017559622, "59": 0.8720170064917253, "60": 0.8724152547227091, "61": 0.8744566023527264, "62": 0.8747202557661566, "63": 0.8757401850605269, "64": 0.8770778552646622, "65": 0.8773659171030564, "66": 0.8788471599827119, "67": 0.8797395327583253, "68": 0.8812092095721538, "69": 0.8837713789875095, "70": 0.8851352124603746, "71": 0.8852503566818398, "72": 0.8845955692941783, "73": 0.8880374330929905, "74": 0.8864718351461236, "75": 0.861968637015168, "76": 0.8721607176942164, "77": 0.8696275071633238, "78": 0.8752023076838386, "79": 0.8846389576192314, "80": 0.8863615241635687, "81": 0.8863474577260155, "82": 0.8883613188738173, "83": 0.8884516216582983, "84": 0.886473322012691, "85": 0.8872954258163391, "86": 0.8895373166400886, "87": 0.8905129556232674, "88": 0.8910226853559572, "89": 0.8916750942355429, "90": 0.8919131296336367, "91": 0.8911796585674284, "92": 0.8913810398656493, "93": 0.8918958670392705, "94": 0.8924281924885301, "95": 0.8926397533261006, "96": 0.8927516395779869, "97": 0.8931824893795861, "98": 0.8929408169501885, "99": 0.8928389585996991, "100": 0.8930527987296546}, "asd": {"0": 0.5636975431297377, "1": 1.077032452705054, "2": 1.2832036988235556, "3": 0.6344905105272033, "4": 0.5021796907810682, "5": 0.4695398059955473, "6": 0.6681669009802743, "7": 0.635112685304435, "8": 0.4279838996606044, "9": 0.4758883450694242, "10": 0.5848124867307409, "11": 0.45183635948701256, "12": 0.4186861955958324, "13": 0.49019955274606447, "14": 0.42511148959028616, "15": 0.39640508125466706, "16": 0.4427049417913024, "17": 0.3809326071615729, "18": 0.3830366935817694, "19": 0.4054774128415831, "20": 0.37403077184279526, "21": 0.39637413440266517, "22": 0.3842711506989077, "23": 0.3730984525950034, "24": 0.3810131610077502, "25": 0.3605994119558685, "26": 0.37088910303956846, "27": 0.3543197075860239, "28": 0.3592048929859395, "29": 0.3349961825994975, "30": 0.33698612164502667, "31": 0.3068794828463027, "32": 0.3248279681649393, "33": 0.2762338654528288, "34": 0.32006139649888576, "35": 0.27339396956219486, "36": 0.325953705715297, "37": 0.2824299018696245, "38": 0.3056731122605177, "39": 0.3455268545610236, "40": 0.2270629097013832, "41": 0.3336697205437773, "42": 0.22783962866883253, "43": 0.31990776479007804, "44": 0.2503215331230051, "45": 0.22807990376656395, "46": 0.2874068131372814, "47": 0.2402147528044, "48": 0.2732407948240833, "49": 0.25339922285052235, "50": 0.2415648931164646, "51": 0.21838278360081498, "52": 0.2313265927141945, "53": 0.2265261603065169, "54": 0.20820978377146182, "55": 0.24213841437990402, "56": 0.20745624781401015, "57": 0.21712407460500188, "58": 0.21041644604862736, "59": 0.20449588390759788, "60": 0.2060678789928069, "61": 0.19998051651587376, "62": 0.19922441611419742, "63": 0.19499972705181975, "64": 0.19300552815129696, "65": 0.1956161508538042, "66": 0.18731074772719913, "67": 0.1956096837171788, "68": 0.17948427676997566, "69": 0.17624760496681485, "70": 0.18944378188224759, "71": 0.20235909354762244, "72": 0.15366837252161622, "73": 0.15957695388710594, "74": 0.3344630156076804, "75": 0.1439085870418025, "76": 0.30555939294449275, "77": 0.2663393171660374, "78": 0.19734291743112817, "79": 0.15786466848883243, "80": 0.15070801461750974, "81": 0.16349978638708723, "82": 0.18662993357368732, "83": 0.20459529166565782, "84": 0.20087380911757816, "85": 0.18328892499677377, "86": 0.16532354775912605, "87": 0.1568718174076662, "88": 0.16075667246850311, "89": 0.17245193438916553, "90": 0.18384396252564564, "91": 0.18487189391822692, "92": 0.1784512090014239, "93": 0.16893926794405187, "94": 0.16430010632514613, "95": 0.1663222539849679, "96": 0.17086259155600753, "97": 0.1760809211564984, "98": 0.17658340916035373, "99": 0.17333707268262452}, "hd95": {"0": 15.264337522473747, "1": 5.0, "2": 4.123105625617661, "3": 3.605551275463989, "4": 3.7416573867739413, "5": 3.1622776601683795, "6": 3.0, "7": 3.0, "8": 3.0, "9": 2.8284271247461903, "10": 2.8284271247461903, "11": 2.449489742783178, "12": 2.23606797749979, "13": 2.23606797749979, "14": 2.23606797749979, "15": 2.23606797749979, "16": 2.23606797749979, "17": 2.0, "18": 2.0, "19": 2.0, "20": 2.0, "21": 2.0, "22": 2.0, "23": 2.0, "24": 2.0, "25": 2.0, "26": 2.0, "27": 2.0, "28": 2.0, "29": 2.0, "30": 2.0, "31": 1.7320508075688772, "32": 1.4142135623730951, "33": 1.4142135623730951, "34": 1.4142135623730951, "35": 1.4142135623730951, "36": 1.4142135623730951, "37": 1.4142135623730951, "38": 1.4142135623730951, "39": 2.0, "40": 1.4142135623730951, "41": 1.4142135623730951, "42": 1.4142135623730951, "43": 1.4142135623730951, "44": 1.4142135623730951, "45": 1.4142135623730951, "46": 1.4142135623730951, "47": 1.4142135623730951, "48": 1.4142135623730951, "49": 1.4142135623730951, "50": 1.4142135623730951, "51": 1.0, "52": 1.0, "53": 1.0, "54": 1.0, "55": 1.0, "56": 1.0, "57": 1.0, "58": 1.0, "59": 1.0, "60": 1.0, "61": 1.0, "62": 1.0, "63": 1.0, "64": 1.0, "65": 1.0, "66": 1.0, "67": 1.0, "68": 1.0, "69": 1.0, "70": 1.0, "71": 1.0, "72": 1.0, "73": 1.0, "74": 1.4142135623730951, "75": 1.0, "76": 1.0, "77": 1.0, "78": 1.0, "79": 1.0, "80": 1.0, "81": 1.0, "82": 1.0, "83": 1.0, "84": 1.0, "85": 1.0, "86": 1.0, "87": 1.0, "88": 1.0, "89": 1.0, "90": 1.0, "91": 1.0, "92": 1.0, "93": 1.0, "94": 1.0, "95": 1.0, "96": 1.0, "97": 1.0, "98": 1.0, "99": 1.0}}