{"bce_loss": {"1": 0.4045484056548467, "2": 0.28141043559899404, "3": 0.22797045501924695, "4": 0.1877763302080215, "5": 0.1548527293498554, "6": 0.13006801968292583, "7": 0.11143537593029794, "8": 0.09422610073335587, "9": 0.07911428235589511, "10": 0.06709021584145607, "11": 0.05823740434078943, "12": 0.05075967234988061, "13": 0.04484898067774281, "14": 0.03870943707547018, "15": 0.03309206846391871, "16": 0.02914355310892302, "17": 0.024950942941128262, "18": 0.022844565965767418, "19": 0.02129305823750439, "20": 0.02044543886320695, "21": 0.01939547985112147, "22": 0.019525554238094225, "23": 0.01847018728343149, "24": 0.01913606268279846, "25": 0.01877641636464331, "26": 0.01835320951668398, "27": 0.018448971877140657, "28": 0.01863632407335062, "29": 0.018917657671466706, "30": 0.018017721913074925, "31": 0.01841277340870528, "32": 0.018358862005351556, "33": 0.016679686069163303, "34": 0.01686469642888932, "35": 0.01668221918895604, "36": 0.01659461233897933, "37": 0.016571781697816083, "38": 0.016677013672296962, "39": 0.016349513715665256, "40": 0.01625419151230109, "41": 0.016465022273006894, "42": 0.016395417138165426, "43": 0.016400189575044407, "44": 0.0164760823088092, "45": 0.016346397166628213, "46": 0.016344853772944402, "47": 0.016229761221135657, "48": 0.016454167464481934, "49": 0.016382243957311388, "50": 0.016379420911627158, "51": 0.01625806913666782, "52": 0.01654462134169917, "53": 0.016303187232494118, "54": 0.01635316612627653, "55": 0.01636258201555364, "56": 0.016455602887574406, "57": 0.016446251813913623, "58": 0.016407706364545794, "59": 0.016366829881296743, "60": 0.016347036271962146, "61": 0.01632445805986959, "62": 0.016392799279105568, "63": 0.016471439924475455, "64": 0.016371118784364726, "65": 0.016403261572122574, "66": 0.016418559388035818, "67": 0.016398521373048425, "68": 0.016365349817548006, "69": 0.016393112207186363, "70": 0.016474256269811166, "71": 0.016475255859808788, "72": 0.016436742869989265, "73": 0.01632697847745721, "74": 0.01633432487927614, "75": 0.016372881301250013, "76": 0.016434273002521385, "77": 0.016369759729723373, "78": 0.016421210730359667, "79": 0.01643413124931237, "80": 0.016403200588972558, "81": 0.01652919258257108, "82": 0.016394883763813782, "83": 0.01665822146016927, "84": 0.016593036241829395, "85": 0.01638487443727042, "86": 0.016323912829633743, "87": 0.016579193491784352, "88": 0.016369900148775842, "89": 0.016382122367975257, "90": 0.016517807156704957, "91": 0.01639894315869444, "92": 0.01627741169391407, "93": 0.016318392836385302, "94": 0.016363863430414644, "95": 0.016338211365990223, "96": 0.016429390340659118, "97": 0.016343812203212155, "98": 0.016408481971464224, "99": 0.016263892519332114, "100": 0.01628423988863471}, "dice_loss": {"1": 0.9918627412546248, "2": 0.9917711435802399, "3": 0.9909693679166218, "4": 0.9890737140935565, "5": 0.9853191295313457, "6": 0.9801981955293625, "7": 0.9699221537226722, "8": 0.9564503847606598, "9": 0.9430742717924572, "10": 0.9272506000503661, "11": 0.9064086902709234, "12": 0.8825690424631513, "13": 0.851366330706884, "14": 0.821634063171962, "15": 0.7975892448236072, "16": 0.7621879553984082, "17": 0.7345680168696812, "18": 0.7032737831274668, "19": 0.6845628344823443, "20": 0.6625865338340639, "21": 0.6426471968491873, "22": 0.6360048743940535, "23": 0.6060024861778531, "24": 0.6068817904544255, "25": 0.5902336154665265, "26": 0.5769128295637312, "27": 0.5713800646009899, "28": 0.5595011432019491, "29": 0.5570768226706793, "30": 0.5409625678781479, "31": 0.5406638684253844, "32": 0.5296227132517194, "33": 0.5061954538973551, "34": 0.49599726640042807, "35": 0.49077770208555554, "36": 0.4893286062611474, "37": 0.4873750250017832, "38": 0.48715094985469937, "39": 0.4797402454747094, "40": 0.47952148507511805, "41": 0.48084753775407396, "42": 0.48247120683155365, "43": 0.47977951027098154, "44": 0.48117473792462123, "45": 0.4791124375566604, "46": 0.4788845545715756, "47": 0.4792963528916949, "48": 0.47965050311315627, "49": 0.4785703413543247, "50": 0.47979184133665903, "51": 0.47740872606398566, "52": 0.4821429983490989, "53": 0.4797447465714954, "54": 0.47841289828694056, "55": 0.4804767540522984, "56": 0.4818712789860983, "57": 0.47857927968577735, "58": 0.47928342317777967, "59": 0.4803241718383062, "60": 0.4796428555060947, "61": 0.47977103009110406, "62": 0.479040710935517, "63": 0.4814960452772322, "64": 0.47928012741936576, "65": 0.47940333234885385, "66": 0.4794825201942807, "67": 0.48066006198761957, "68": 0.47874668713599916, "69": 0.4783162214453258, "70": 0.48009699985148413, "71": 0.47947833959072356, "72": 0.48027479908769094, "73": 0.4789152904635384, "74": 0.4791620671749115, "75": 0.4800043512904455, "76": 0.479426218876763, "77": 0.481015630184658, "78": 0.4797645899511519, "79": 0.4810175219225505, "80": 0.4776840988132689, "81": 0.47894885875875987, "82": 0.4788558178004764, "83": 0.47992022595708334, "84": 0.48152767216402387, "85": 0.4800606786258637, "86": 0.4775307552208976, "87": 0.48049233357111615, "88": 0.47831947912299444, "89": 0.47950921739850727, "90": 0.4808086414658834, "91": 0.47930127997247, "92": 0.4781220628628655, "93": 0.4790729859045574, "94": 0.47972976853923194, "95": 0.4799950510736496, "96": 0.47847709414504824, "97": 0.4778803622438794, "98": 0.4802416678931978, "99": 0.4784211135572857, "100": 0.47737634820597513}, "total_loss": {"1": 0.6982055755834731, "2": 0.6365907916000911, "3": 0.6094699104626974, "4": 0.5884250199037885, "5": 0.5700859266614157, "6": 0.55513310763571, "7": 0.5406787646195245, "8": 0.5253382452896663, "9": 0.5110942756845838, "10": 0.49717040620152914, "11": 0.48232304624148775, "12": 0.4666643568447658, "13": 0.44810765697842553, "14": 0.43017175060416024, "15": 0.415340656562457, "16": 0.39566575250928365, "17": 0.3797594793732204, "18": 0.3630591756294644, "19": 0.3529279466186251, "20": 0.3415159850366532, "21": 0.33102133964735364, "22": 0.3277652140647646, "23": 0.3122363355424669, "24": 0.31300892645404454, "25": 0.30450501588601914, "26": 0.2976330200594569, "27": 0.2949145186751608, "28": 0.28906873353416956, "29": 0.28799724023020457, "30": 0.2794901451894215, "31": 0.2795383208800876, "32": 0.27399078685612904, "33": 0.2614375704101154, "34": 0.2564309814146587, "35": 0.25372996039333795, "36": 0.2529616100447519, "37": 0.2519734019324893, "38": 0.2519139811869652, "39": 0.24804488131924282, "40": 0.24788783857273677, "41": 0.2486562801022378, "42": 0.24943331250595668, "43": 0.24808985006714623, "44": 0.24882540851831436, "45": 0.24772941841492577, "46": 0.247614704427265, "47": 0.2477630568402154, "48": 0.2480523352112089, "49": 0.247476293099305, "50": 0.24808563102805425, "51": 0.2468333975190208, "52": 0.24934381057345678, "53": 0.24802396682992814, "54": 0.2473830319349728, "55": 0.24841966657411485, "56": 0.2491634399408386, "57": 0.24751276593832744, "58": 0.2478455649245353, "59": 0.2483455010113262, "60": 0.2479949469367663, "61": 0.2480477434065607, "62": 0.24771675573928015, "63": 0.24898374352663283, "64": 0.24782562267685693, "65": 0.24790329734484354, "66": 0.24795054005725042, "67": 0.2485292919334911, "68": 0.24755601916048262, "69": 0.2473546653276398, "70": 0.24828562861870204, "71": 0.24797679779548493, "72": 0.2483557705131788, "73": 0.2476211346331097, "74": 0.24774819659808325, "75": 0.24818861661922365, "76": 0.247930246331389, "77": 0.2486926946375105, "78": 0.24809289936508452, "79": 0.2487258268963723, "80": 0.24704365006514958, "81": 0.24773902540642118, "82": 0.24762535059735888, "83": 0.24828922322818212, "84": 0.24906035418075229, "85": 0.2482227763486287, "86": 0.24692733266523906, "87": 0.24853576317666068, "88": 0.2473446891184837, "89": 0.24794567033411966, "90": 0.24866322392509096, "91": 0.2478501115526472, "92": 0.24719973677207555, "93": 0.24769568951830032, "94": 0.24804681669625026, "95": 0.24816663031067168, "96": 0.2474532441960441, "97": 0.2471120868410383, "98": 0.2483250748306986,