{"f1": {"1": 0.0, "2": 0.0, "3": 0.0, "4": 0.0, "5": 0.04658901830282862, "6": 0.08671586715867159, "7": 0.42006495849873693, "8": 0.35065710872162487, "9": 0.3208955223880597, "10": 0.506318449873631, "11": 0.271034039820167, "12": 0.7059210526315789, "13": 0.6981559365901003, "14": 0.6911401341334275, "15": 0.5779334500875657, "16": 0.552297165200391, "17": 0.6056676272814602, "18": 0.4413145539906103, "19": 0.5501036627505184, "20": 0.2547288776796974, "21": 0.7392937640871525, "22": 0.37075417386298215, "23": 0.6724867724867725, "24": 0.37121721587088097, "25": 0.43270555810748734, "26": 0.4835213448352135, "27": 0.5502136752136753, "28": 0.6864213611201563, "29": 0.6525664173329895, "30": 0.4354932866316404, "31": 0.5509957754978877, "32": 0.7461902259590121, "33": 0.6701846965699209, "34": 0.7198887343532684, "35": 0.4641399416909621, "36": 0.7622777945164206, "37": 0.7350667603654252, "38": 0.4536082474226804, "39": 0.5683192261185006, "40": 0.6739130434782609, "41": 0.2717062634989201, "42": 0.6111636707663197, "43": 0.7216457960644007, "44": 0.6439909297052154, "45": 0.7789366573390994, "46": 0.29250457038391225, "47": 0.695814648729447, "48": 0.6781402517338814, "49": 0.7928642220019821, "50": 0.5866171003717472, "51": 0.7594452415112386, "52": 0.7604263206672845, "53": 0.6738794435857806, "54": 0.7672439095978867, "55": 0.7680629744166433, "56": 0.7580496780128795, "57": 0.6518607442977191, "58": 0.8221258134490239, "59": 0.5759768451519537, "60": 0.44232804232804235, "61": 0.5495750708215298, "62": 0.759465966294594, "63": 0.6036977491961415, "64": 0.6596558317399618, "65": 0.57988922028121, "66": 0.7875436554132712, "67": 0.36899810964083174, "68": 0.6776532630191167, "69": 0.8092152627789777, "70": 0.8440366972477065, "71": 0.4053601340033501, "72": 0.6736441484300666, "73": 0.21371841155234658, "74": 0.7399394201644309, "75": 0.5717255717255717, "76": 0.4671081677704194, "77": 0.5308436145381794, "78": 0.6877755511022045, "79": 0.7616951018161805, "80": 0.745668449197861, "81": 0.6122953351869015, "82": 0.6442759118815456, "83": 0.7743201569946734, "84": 0.25052192066805845, "85": 0.8008658008658008, "86": 0.706902532084634, "87": 0.6607767347690042, "88": 0.7087283425956195, "89": 0.6069578090303479, "90": 0.4440953129091385, "91": 0.6595897804965815, "92": 0.8319198149575945, "93": 0.46954177897574123, "94": 0.7622130665097115, "95": 0.4725568942436412, "96": 0.7111636148848198, "97": 0.5841836734693877, "98": 0.6008, "99": 0.6847662141779789, "100": 0.688166012338755}, "asd": {"0": 44.45102505731919, "1": 89.61356086412086, "2": 0, "3": 46.90223112047914, "4": 36.626993089194436, "5": 32.372571399868924, "6": 5.881075327411032, "7": 3.8855139129976006, "8": 5.661037126449483, "9": 10.023186697390804, "10": 8.902442605402022, "11": 3.8596230934611038, "12": 0.9207451234218735, "13": 7.224720362103812, "14": 6.734074460268236, "15": 4.935933904613769, "16": 3.632250713273186, "17": 10.28657604962932, "18": 14.882968515652083, "19": 20.128320349661962, "20": 2.33060180132783, "21": 17.643950767637207, "22": 7.1088246256773155, "23": 13.618603175438858, "24": 12.512211365519754, "25": 26.16870005528121, "26": 6.261008058785638, "27": 4.462819988988363, "28": 5.750198350342938, "29": 21.286122521807645, "30": 9.484789438230209, "31": 2.079361820813169, "32": 3.633001185911594, "33": 3.3927826172808064, "34": 5.067002111905775, "35": 1.3774080222787544, "36": 0.7199151202388472, "37": 17.395609923044425, "38": 21.072041962445894, "39": 9.21044704900557, "40": 20.67354968931045, "41": 10.45348467680329, "42": 0.43670947982539066, "43": 3.968992878058484, "44": 3.4343990033400864, "45": 20.416634614662364, "46": 0.7910206800491338, "47": 1.4326528709927653, "48": 1.5653567260121128, "49": 4.50333165339232, "50": 0.3819570150262986, "51": 1.9128397334558616, "52": 5.151194973339588, "53": 4.960187936852778, "54": 0.6902099249298072, "55": 1.0255653257854114, "56": 0.7103890012692582, "57": 0.7532448982977086, "58": 8.19744967436586, "59": 2.648161897865837, "60": 19.105692169334876, "61": 1.4841947543231981, "62": 3.4665474289398666, "63": 12.444641813653288, "64": 11.520540816230714, "65": 1.2537627377460712, "66": 12.26802740530851, "67": 6.643032889329456, "68": 2.7865787872903898, "69": 0.5951520163898166, "70": 8.447460241296332, "71": 1.5476697242462396, "72": 47.76584305859439, "73": 2.8538082970316654, "74": 2.1498415011609837, "75": 8.150182621279136, "76": 4.337419508678818, "77": 1.2594705955561292, "78": 0.5389936268425974, "79": 5.399882640611529, "80": 0.5488285752654418, "81": 3.2062944622390406, "82": 1.4225111443908354, "83": 14.67031110146822, "84": 0.807935005523993, "85": 1.3894946288308805, "86": 2.4931122020728456, "87": 4.036883936538041, "88": 4.247224725565668, "89": 4.452716634183821, "90": 2.8185050487521006, "91": 1.642731908035016, "92": 0.6062802622177872, "93": 3.996794294025128, "94": 4.837947237727653, "95": 0.5517991640358189, "96": 7.321822103371715, "97": 6.600734504503855, "98": 2.8545055443621803, "99": 1.5283557962068413}, "hd95": {"0": 202.61194387596862, "1": 190.83238632506735, "2": 0, "3": 190.85196783268995, "4": 49.06167763823412, "5": 58.137767414994535, "6": 33.24905928691055, "7": 37.224319455832045, "8": 20.565718768322224, "9": 45.7039025469237, "10": 31.395855925101284, "11": 11.180339887498949, "12": 3.0, "13": 35.4682957019364, "14": 35.78956673692863, "15": 20.09975124224178, "16": 17.258328217329368, "17": 40.537016949334486, "18": 55.87486017879597, "19": 75.47449858589458, "20": 9.848857801796104, "21": 71.57468000457953, "22": 35.91098271461795, "23": 47.95043732598046, "24": 49.408501126998665, "25": 81.21576201698781, "26": 22.67156809750927, "27": 21.63325826680085, "28": 16.887861317964855, "29": 95.29427324674262, "30": 30.138844327492105, "31": 9.044273815323576, "32": 16.13535812027934, "33": 6.212456398179267, "34": 28.808739582141033, "35": 8.068435813932284, "36": 3.0, "37": 67.02870610887295, "38": 70.2488404532221, "39": 38.62829769515623, "40": 50.614709486144555, "41": 33.90427621449146, "42": 8.06225774829855, "43": 23.328055644243264, "44": 9.055385138137417, "45": 78.79767290085553, "46": 3.1622776601683795, "47": 7.615773105863909, "48": 5.024754878398197, "49": 22.10316432859132, "50": 2.0, "51": 3.0, "52": 26.095976701399778, "53": 26.97034873970934, "54": 3.0, "55": 3.0, "56": 11.045361017187261, "57": 2.23606797749979, "58": 38.326230804020476, "59": 9.899494936611665, "60": 108.82828909949637, "61": 10.04987562112089, "62": 17.422421957975057, "63": 71.09149034870488, "64": 51.21961477920931, "65": 2.8284271247461903, "66": 33.624393799844945, "67": 28.747154635470164, "68": 2.23606797749979, "69": 2.0, "70": 26.06913432316508, "71": 5.656854249492381, "72": 103.47366812993512, "73": 16.792433262910414, "74": 5.385164807134504, "75": 32.81524266818326, "76": 22.024984759495574, "77": 11.717491974844945, "78": 2.8284271247461903, "79": 31.14320974365468, "80": 8.306623862918075, "81": 14.338748481954932, "82": 3.605551275463989, "83": 68.33547926510667, "84": 3.0, "85": 8.48528137423857, "86": 10.648918788453297, "87": 16.431676725154983, "88": 8.772106062376574, "89": 29.986662034977634, "90": 15.693931432357925, "91": 3.1622776601683795, "92": 14.142135623730951, "93": 9.433981132056603, "94": 24.358774685319453, "95": 10.488088481701515, "96": 30.347981810987037, "97": 21.123436649625525, "98": 18.605104353607096, "99": 3.605551275463989}}