{"f1": {"1": 0.0, "2": 0.0, "3": 0.07937181663837012, "4": 0.2442953020134228, "5": 0.24242424242424243, "6": 0.34506818902632413, "7": 0.5377577919057218, "8": 0.5597834260791097, "9": 0.14705882352941177, "10": 0.3498161013485901, "11": 0.5792021365381406, "12": 0.5610290093048714, "13": 0.6641123882503193, "14": 0.14932034895516333, "15": 0.7064854022732338, "16": 0.6083479130217445, "17": 0.707230221396501, "18": 0.49932218707636694, "19": 0.16040609137055836, "20": 0.20722891566265061, "21": 0.5905164138990209, "22": 0.39564181137214843, "23": 0.7001949317738791, "24": 0.6817992503123699, "25": 0.6117728292767133, "26": 0.7685337726523888, "27": 0.6157276043777867, "28": 0.6035673187571922, "29": 0.5562982005141388, "30": 0.69713400464756, "31": 0.6337105419892793, "32": 0.7675724230855603, "33": 0.357032457496136, "34": 0.7765846899896086, "35": 0.704579768495219, "36": 0.7347622237106497, "37": 0.7708779443254818, "38": 0.7426597582037997, "39": 0.7659574468085106, "40": 0.7272727272727273, "41": 0.5330243337195828, "42": 0.6098807495741057, "43": 0.6949096880131362, "44": 0.7192201737656283, "45": 0.6122448979591837, "46": 0.6841321821970825, "47": 0.6610169491525424, "48": 0.737876254180602, "49": 0.6579439252336449, "50": 0.7166566686662668, "51": 0.6463454605047525, "52": 0.7664481121410807, "53": 0.6475155279503105, "54": 0.8792602377807134, "55": 0.662344678552134, "56": 0.685370741482966, "57": 0.40777619724988146, "58": 0.7391021470396877, "59": 0.6293405114401077, "60": 0.61907190209077, "61": 0.6011342155009451, "62": 0.6652838994036816, "63": 0.6791644349223352, "64": 0.6550094517958412, "65": 0.660347551342812, "66": 0.7269700332963374, "67": 0.6859931113662457, "68": 0.8508726455849317, "69": 0.8170387477546831, "70": 0.07433881343817011, "71": 0.7814207650273224, "72": 0.6858638743455497, "73": 0.6048, "74": 0.8606016140865738, "75": 0.4294314381270903, "76": 0.5877803557617943, "77": 0.360056258790436, "78": 0.7843964153927253, "79": 0.7586481113320079, "80": 0.7420749279538905, "81": 0.7750362844702468, "82": 0.6628324946081955, "83": 0.5546092184368737, "84": 0.7571115973741794, "85": 0.6419540229885058, "86": 0.5826585028639146, "87": 0.6494746895893028, "88": 0.592183908045977, "89": 0.7752271640363463, "90": 0.6553799849510911, "91": 0.4894243641231593, "92": 0.6612130885873903, "93": 0.44119131751640583, "94": 0.7212389380530974, "95": 0.8359474353539635, "96": 0.7291178766588603, "97": 0.724226072138597, "98": 0.4633013316816352, "99": 0.8220746507900161, "100": 0.47026022304832715}, "asd": {"0": 37.61039278575021, "1": 106.99969947403017, "2": 24.045590627310627, "3": 10.783719869493098, "4": 13.900480691631026, "5": 9.917118278000965, "6": 8.005679142721833, "7": 5.901926184880578, "8": 21.88232415752318, "9": 23.979664451501765, "10": 4.77822517745865, "11": 3.9596699956271597, "12": 6.497573241472487, "13": 36.06199111334186, "14": 6.345527080775094, "15": 1.7193848818663358, "16": 3.151426074927124, "17": 5.077965316243658, "18": 16.522823640198588, "19": 21.281411193015114, "20": 9.176594558719671, "21": 4.570472815681364, "22": 3.19398828083519, "23": 1.8923434502154965, "24": 2.4179504510783425, "25": 2.3617502650144733, "26": 3.6821436816979047, "27": 8.755435722711285, "28": 18.219536624357186, "29": 2.5478113420136297, "30": 1.86766846773147, "31": 1.554330501541872, "32": 17.391661859450718, "33": 1.1834779078730255, "34": 5.546777443546667, "35": 5.472208355855635, "36": 2.4736554857641053, "37": 1.5493173897936807, "38": 1.8939360307835493, "39": 14.222052625304114, "40": 29.88774881196727, "41": 15.864385651609009, "42": 1.3693376910304929, "43": 3.752770487285741, "44": 15.152127795288754, "45": 1.614654122206643, "46": 10.410001261739396, "47": 3.9520472048581046, "48": 6.487774719991017, "49": 1.1993655399807743, "50": 3.1571182239693325, "51": 1.2992356262039741, "52": 6.427061644723998, "53": 0.25654723112236677, "54": 5.64209777348604, "55": 1.6951122378506458, "56": 16.34954111405342, "57": 1.00613093829442, "58": 11.803097249644322, "59": 11.962246038551186, "60": 6.768944567355318, "61": 2.56617919537265, "62": 3.9093550085985536, "63": 1.4665413833402743, "64": 5.358155839372531, "65": 3.4931168439917597, "66": 3.8593771615163024, "67": 0.3352946558408682, "68": 0.9245785979367492, "69": 31.550745424967964, "70": 0.5210228138208189, "71": 2.954452736470691, "72": 7.869240087248802, "73": 2.6104990058967856, "74": 18.788681034549832, "75": 15.981865553419892, "76": 19.243172793429927, "77": 0.5912332404020271, "78": 5.380071408431289, "79": 2.087421595888092, "80": 6.047749244889054, "81": 3.2964537272559955, "82": 9.580025746936755, "83": 1.2911251700011517, "84": 13.405609501549458, "85": 2.7250310515145277, "86": 10.581833472671688, "87": 11.784409649904026, "88": 0.6446985045800125, "89": 2.1992869739545378, "90": 20.480925081256046, "91": 13.845255691678327, "92": 23.21441955490367, "93": 2.9841342503826733, "94": 2.3170255951173884, "95": 0.43312950585653887, "96": 0.34609832286665076, "97": 15.896471594804154, "98": 0.5827335317499648, "99": 13.247363884650301}, "hd95": {"0": 213.5214271232826, "1": 187.42476777526593, "2": 51.19570294468082, "3": 34.16284221076606, "4": 46.46457620682261, "5": 55.08710030764556, "6": 30.886890422961002, "7": 25.93064926733239, "8": 58.677050788890305, "9": 59.478567027948245, "10": 25.32741751487117, "11": 14.108417139220917, "12": 41.655726090525306, "13": 99.02423747933159, "14": 25.514701644346147, "15": 10.488088481701515, "16": 12.36931687685298, "17": 17.233687939614086, "18": 49.27878797986338, "19": 46.58540450101298, "20": 25.81859620462509, "21": 17.961038031405064, "22": 15.556349186104045, "23": 16.899624399049983, "24": 30.486061330535325, "25": 8.90489304471421, "26": 27.083062268052895, "27": 38.27858367304528, "28": 54.99271704220778, "29": 17.910873914548695, "30": 14.54634712796616, "31": 3.1622776601683795, "32": 49.15027376930055, "33": 5.744562646538029, "34": 33.657083325058785, "35": 36.245688906584505, "36": 8.06225774829855, "37": 5.0, "38": 9.486832980505138, "39": 84.2425058805836, "40": 120.47405673503343, "41": 73.49417622463667, "42": 15.0, "43": 24.61706725018234, "44": 94.28965106593901, "45": 6.082762530298219, "46": 46.08415998392332, "47": 9.211385497185676, "48": 27.47362274955293, "49": 15.811388300841896, "50": 30.846384047855572, "51": 2.23606797749979, "52": 43.2435918811298, "53": 1.4142135623730951, "54": 25.651503270969734, "55": 21.25792681408415, "56": 63.026976433176145, "57": 3.605551275463989, "58": 57.65500174687274, "59": 59.38013135721409, "60": 17.787617475125046, "61": 14.007133769523634, "62": 22.335953731187406, "63": 5.916079783099616, "64": 16.30950643030009, "65": 11.175849718444455, "66": 8.892979913555648, "67": 2.0, "68": 2.0, "69": 75.34453342779217, "70": 2.0, "71": 17.42678032566443, "72": 19.96609722273258, "73": 2.8284271247461903, "74": 65.18857250653264, "75": 78.37345735810669, "76": 48.96937818678118, "77": 2.23606797749979, "78": 24.42513825238953, "79": 12.041594578792296, "80": 46.385269649528944, "81": 14.159791251244389, "82": 30.610455730027933, "83": 3.0, "84": 66.09273736253463, "85": 12.083045973594572, "86": 43.95678583827452, "87": 43.116122274620196, "88": 2.23606797749979, "89": 11.445523142259598, "90": 60.86542485943753, "91": 84.17838202293983, "92": 71.05631569396206, "93": 23.323807579381203, "94": 11.366587336666445, "95": 5.0990195135927845, "96": 12.36931687685298, "97": 51.172257885363216, "98": 2.0, "99": 47.45785831521041}}