{"bce_loss": {"1": 0.28829890122962376, "2": 0.20743010086672647, "3": 0.16552936735134277, "4": 0.13334506271140917, "5": 0.10856499789016587, "6": 0.08980353336249079, "7": 0.07529024868493989, "8": 0.06440921509194941, "9": 0.055550554767251015, "10": 0.047282309640967655, "11": 0.04061979482630416, "12": 0.0340960007160902, "13": 0.029349834377330446, "14": 0.02565421053164062, "15": 0.023067439603249706, "16": 0.021167848961398242, "17": 0.020238483502041726, "18": 0.019857514413103225, "19": 0.019185872556316475, "20": 0.018846155354930533, "21": 0.01883803355315375, "22": 0.019411877625518374, "23": 0.019164013968307584, "24": 0.01852163230438554, "25": 0.018283013631367966, "26": 0.017897975438880543, "27": 0.01835787430080393, "28": 0.01821247677111791, "29": 0.01806417866683905, "30": 0.017994819815078424, "31": 0.01789776398430741, "32": 0.018304133791446922, "33": 0.017922522766249522, "34": 0.017717474217837054, "35": 0.01819982033015953, "36": 0.01675369973028345, "37": 0.016741833553486872, "38": 0.016576389819087965, "39": 0.016528519021997614, "40": 0.016556006405384294, "41": 0.016476469753783137, "42": 0.016299045496871545, "43": 0.01626426797907149, "44": 0.016305074483777087, "45": 0.01626389322151977, "46": 0.016283592357048914, "47": 0.016197286542534592, "48": 0.016329577724848474, "49": 0.016234628032035535, "50": 0.016328668972063396, "51": 0.01623422854639117, "52": 0.016220160726723925, "53": 0.016224925047791904, "54": 0.01620716967117337, "55": 0.01622222686585571, "56": 0.016282431127148726, "57": 0.016320294537951075, "58": 0.016182841433744346, "59": 0.016358433949154993, "60": 0.016225872975256708, "61": 0.016305300961470322, "62": 0.016246872894938976, "63": 0.016235530369042878, "64": 0.016106365170950692, "65": 0.016190041828575353, "66": 0.016211621585257706, "67": 0.0161883962259347, "68": 0.01622008728159089, "69": 0.016246350533846352, "70": 0.016316296407095497, "71": 0.016278101168277246, "72": 0.016293861581722184, "73": 0.01625476379893602, "74": 0.016223682327166436, "75": 0.016257636016234756, "76": 0.01622727685164483, "77": 0.01619253973550503, "78": 0.01617891487428948, "79": 0.01622266027825101, "80": 0.01617920734283943, "81": 0.01627399658207737, "82": 0.016208839118628512, "83": 0.01626786559687129, "84": 0.0161949183185777, "85": 0.01627749852126553, "86": 0.016357508805831745, "87": 0.016234915773753845, "88": 0.016270935106726867, "89": 0.016188705502639688, "90": 0.016200038220082955, "91": 0.016392354387789965, "92": 0.016300077047494668, "93": 0.01617593523336663, "94": 0.016350186463179334, "95": 0.0162186226401005, "96": 0.01635225271687858, "97": 0.01616703228478039, "98": 0.01629125958840762, "99": 0.016282527097722606, "100": 0.016250062427143493}, "dice_loss": {"1": 0.9918585457499065, "2": 0.9907273484600915, "3": 0.9859572242176722, "4": 0.9769919613997141, "5": 0.9644196979583256, "6": 0.9490966338013845, "7": 0.9347847023653606, "8": 0.9086734907967704, "9": 0.884027762072427, "10": 0.8564812664001707, "11": 0.8276904419301048, "12": 0.7906492962723687, "13": 0.7625600416508932, "14": 0.7269660844689324, "15": 0.7032548033055805, "16": 0.6726985446044377, "17": 0.6447690978409752, "18": 0.631526692992165, "19": 0.6052637052914452, "20": 0.5883235765828027, "21": 0.5777514349846613, "22": 0.5712373292162305, "23": 0.5646623685246422, "24": 0.5477915108203888, "25": 0.5341454079699894, "26": 0.5262107295649392, "27": 0.5161903308970588, "28": 0.5163999961482154, "29": 0.5036244768471945, "30": 0.5024256110191345, "31": 0.49611962787688724, "32": 0.49529048209152526, "33": 0.4909841382787341, "34": 0.48734821000742534, "35": 0.4903738276352958, "36": 0.4650270236389978, "37": 0.45283170304601156, "38": 0.44854848654497237, "39": 0.4463136877332415, "40": 0.44452813551539466, "41": 0.4430531996583182, "42": 0.44218924783525015, "43": 0.43895439094021205, "44": 0.43831509138856617, "45": 0.43873267987417797, "46": 0.4389229885169438, "47": 0.43850770498078967, "48": 0.4381298032544908, "49": 0.4384174008691122, "50": 0.43833297065326143, "51": 0.43752668608748724, "52": 0.4386097959109715, "53": 0.4388538194554193, "54": 0.43788269422357046, "55": 0.43862750274794443, "56": 0.43840907514095306, "57": 0.4385775796004704, "58": 0.43795737458599937, "59": 0.4382173915704091, "60": 0.43800790868108236, "61": 0.4393782052728865, "62": 0.4375997902381988, "63": 0.4385133378562473, "64": 0.43679022623433006, "65": 0.43660223862481495, "66": 0.4380244941465438, "67": 0.43752365831344847, "68": 0.4372952478745627, "69": 0.43906232549084556, "70": 0.4395440173527551, "71": 0.43785845429178266, "72": 0.4389433825299853, "73": 0.43844449638374267, "74": 0.43685656005427953, "75": 0.43736093976194895, "76": 0.43806084162659115, "77": 0.43784375133968534, "78": 0.4375074508171233, "79": 0.43774011210789754, "80": 0.4370725897569505, "81": 0.4382802629991183, "82": 0.4389903625798604, "83": 0.43746043363260845, "84": 0.4369939719400709, "85": 0.4394990629146969, "86": 0.4384050193050551, "87": 0.437412002020412, "88": 0.43943733047871364, "89": 0.4366293093041768, "90": 0.437353484687351, "91": 0.4395982187891763, "92": 0.43800114497305853, "93": 0.4376316631124133, "94": 0.4401360260588782, "95": 0.43788021258891574, "96": 0.4386439351808457, "97": 0.43670517750202664, "98": 0.4383547809861955, "99": 0.43759432222161976, "100": 0.43794565706972094}, "total_loss": {"1": 0.640078722484528, "2": 0.5990787228894612, "3": 0.5757432939514281, "4": 0.555168513740812, "5": 0.5364923477172852, "6": 0.5194500814827662, "7": 0.5050374725981365, "8": 0.4865413530478402, "9": 0.4697891568380689, "10": 0.4518817868970689, "11": 0.43415511766123394, "12": 0.41237264729681467, "13": 0.39595493863499354, "14": 0.3763101462806974, "15": 0.3631611192037189, "16": 0.34693319622486357, "17": 0.3325037914845679, "18": 0.3256921046783054, "19": 0.31222478962606853, "20": 0.3035848668170354, "21": 0.298294733914118, "22": 0.2953246037165324, "23": 0.2919131911226681, "24": 0.28315657069758765, "25": 0.27621421064176255, "26": 0.2720543534036667, "27": 0.267274103703953, "28": 0.2673062373484884, "29": 0.2608443264450346, "30": 0.260210214981011, "31": 0.257008696122775, "32": 0.2567973063578681, "33": 0.2544533299311759, "34": 0.2525328416672964, "35": 0.25428682352815357, "36": 0.24089036089560342, "37": 0.23478676721690192, "38": 0.23256243718048883, "39": 0.231421102607061, "40": 0.23054207175497024, "41": 0.22976483511073248, "42": 0.22924414584561, "43": 0.2276093289256096, "44": 0.22731008286040927, "45": 0.2274982858271826, "46": 0.22760329147179922, "47": 0.22735249582264158, "48": 0.2272296900313998, "49": 0.22732601456698917, "50": 0.22733081995494783, "51": 0.22688045648355332, "52": 0.22741497816547515, "53": 0.22753937211301592, "54": 0.22704493136159956, "55": 0.22742486532245362, "56": 0.22734575375678048, "57": 0.22744893684746728, "58": 0.22707010710996295, "59": 0.22728791217955333, "60": 0.22711689060642606, "61": 0.2278417523891207, "62": 0.2269233318548354, "63": 0.22737443447113037, "64": 0.22644829572666259, "65": 0.22639613988853635, "66": 0.22711805739100016, "67": 0.22685602709414468, "68": 0.22675766784047324, "69": 0.2276543378829956, "70": 0.22793015695753552, "71": 0.22706827769676843, "72": 0.22761862157356172, "73": 0.2273496293595859, "74": 0.22654012046636096, "75": 0.22680928806463876, "76": 0.22714405920770434, "77": 0.22701814545998497, "78": 0.22684318300277467, "79": 0.2269813861875307, "80": 0.22662589840945743, "81": 0.22727712988853455, "82": 0.22759960201524554, "83": 0.2268641497644167, "84": 0.2265944458425991, "85": 0.22788827984579027, "86": 0.2273812639334845, "87": 0.22682345859588138, "88": 0.2278541328888091, "89": 0.22640900775080636, "90": 0.22677676154980583, "91": 0.22799528614869194, "92": 0.2271506107515759, "93": 0.22690379950735304, "94": 0.2282431053500327, "95": 0.22704941838506668, "96": 0.22749809424082437, "97": 0.2264361037384896, "98": 0.22732302061622106,