{"f1": {"1": 0.23393739703459637, "2": 0.2176210503612639, "3": 0.3253779449006216, "4": 0.4214889736362129, "5": 0.3748199046880195, "6": 0.28340209457315135, "7": 0.5099141757916543, "8": 0.7178722346507581, "9": 0.701163967611336, "10": 0.6027843601895735, "11": 0.7077976135417631, "12": 0.5289206011841506, "13": 0.4825174825174825, "14": 0.5504212407454685, "15": 0.5932584269662922, "16": 0.6221436343852013, "17": 0.4039312039312039, "18": 0.7384780278670954, "19": 0.3319899244332494, "20": 0.6997819239156773, "21": 0.7043650793650794, "22": 0.6388148148148148, "23": 0.7280837193343627, "24": 0.728150406504065, "25": 0.7951304347826087, "26": 0.7141216991963261, "27": 0.7959003746969363, "28": 0.8598787105011172, "29": 0.7574728260869565, "30": 0.8254739912493924, "31": 0.7638530927835051, "32": 0.7743526510480888, "33": 0.7806242638398115, "34": 0.7635807192042846, "35": 0.7721739130434783, "36": 0.6713249126578876, "37": 0.8638457109959701, "38": 0.7408004297609455, "39": 0.8053549939831528, "40": 0.8597213426219126, "41": 0.7286914765906363, "42": 0.8438959306204136, "43": 0.8075216564546799, "44": 0.8296552718880715, "45": 0.8664302600472813, "46": 0.8451156812339332, "47": 0.8222784810126582, "48": 0.751350183624973, "49": 0.8124474348191758, "50": 0.8269291838678946, "51": 0.8413240314680125, "52": 0.8547140649149922, "53": 0.8031390883286025, "54": 0.8540780469761421, "55": 0.8502242152466367, "56": 0.8048335613315093, "57": 0.8129058441558441, "58": 0.8644924207625172, "59": 0.9084955430234674, "60": 0.918799532285306, "61": 0.8802281368821293, "62": 0.8099044648079547, "63": 0.8554150632215503, "64": 0.8932038834951457, "65": 0.8080380750925437, "66": 0.8413893611853291, "67": 0.8832916746779466, "68": 0.9103247697527872, "69": 0.8994814519345832, "70": 0.9049242424242424, "71": 0.8572920292377306, "72": 0.9194366197183098, "73": 0.8665247795682578, "74": 0.8790490341753343, "75": 0.8838358872960949, "76": 0.8763804773779836, "77": 0.8604026845637583, "78": 0.90130007959671, "79": 0.8833307915205124, "80": 0.8691573669739608, "81": 0.865540384170331, "82": 0.8807890222984562, "83": 0.8383820696900718, "84": 0.8863552776756161, "85": 0.8533730580974676, "86": 0.882480173035328, "87": 0.8284463894967177, "88": 0.8650739476678043, "89": 0.855762955227777, "90": 0.9257116408238834, "91": 0.8658536585365854, "92": 0.904078671610511, "93": 0.9083648591845314, "94": 0.8731494920174165, "95": 0.8691536748329621, "96": 0.8463251670378619, "97": 0.9187652315190902, "98": 0.8948983505945531, "99": 0.8784059945504087, "100": 0.8703950288504216}, "asd": {"0": 7.931675917171895, "1": 11.197808807397303, "2": 7.840486458177746, "3": 5.981540297251718, "4": 9.763609633563274, "5": 10.610194837535026, "6": 12.317636299428663, "7": 1.916662807338343, "8": 1.9828433242050072, "9": 2.836732918020447, "10": 1.4888038873203073, "11": 4.645593968447022, "12": 3.166447197332388, "13": 4.140004942479788, "14": 2.5923151567701863, "15": 3.29564849359183, "16": 5.803804467733814, "17": 1.384935367566565, "18": 14.957490381467194, "19": 2.8489475587532804, "20": 2.4978789728161965, "21": 6.662444770632046, "22": 1.3686118076804348, "23": 0.44920080084918884, "24": 0.3802684254753185, "25": 1.715974779627025, "26": 0.10132168524317375, "27": 0.33318810227255546, "28": 2.138420729668878, "29": 0.5736072896772293, "30": 0.6336342830304298, "31": 0.164643520850085, "32": 0.9195168514011014, "33": 1.4901511504292222, "34": 0.6012754880813411, "35": 3.135104051185648, "36": 0.9882825790819221, "37": 0.5815531290068844, "38": 0.14012942674344517, "39": 0.3161904005999146, "40": 1.008587372888685, "41": 0.9207861123078404, "42": 0.6348964227888387, "43": 0.30282414073898223, "44": 0.7630963476988155, "45": 0.12783657043937435, "46": 0.3621019066885706, "47": 0.3686147990736329, "48": 0.3694685542540744, "49": 0.15794813582567108, "50": 0.3054266603562673, "51": 0.24971481539443308, "52": 0.3956591093146388, "53": 0.16277810882696653, "54": 0.22158202042757824, "55": 0.27393891344033067, "56": 0.19654368869256625, "57": 0.1760228647068802, "58": 0.0961434749408768, "59": 0.10262477763849101, "60": 0.15908267443062024, "61": 0.41840960362579316, "62": 0.24378125812243545, "63": 0.12098645018519978, "64": 1.6622518615504602, "65": 0.23322351189329055, "66": 0.14690707070062087, "67": 0.1317337008026007, "68": 0.15556381491210444, "69": 0.1572262554778591, "70": 0.20337209690374367, "71": 0.10904448996561077, "72": 0.21313288659216875, "73": 0.2090366286593969, "74": 0.19771529147822345, "75": 0.19096609072928677, "76": 0.20886661009186014, "77": 0.10592105183656556, "78": 0.18731328200310038, "79": 0.19511174976890217, "80": 0.24646157853510858, "81": 0.17562533971553126, "82": 0.3258488251554134, "83": 0.18621675010205146, "84": 0.17515888611684424, "85": 0.1990292301404297, "86": 0.2522622947711968, "87": 0.22582962056501085, "88": 0.16453685676772664, "89": 0.12515224293191926, "90": 0.9130548902624169, "91": 0.14952061845383824, "92": 0.1359728233124249, "93": 0.15269150644510118, "94": 0.8719704169252107, "95": 0.21306015591500607, "96": 0.10872657464808863, "97": 0.13965741104813378, "98": 0.18445831021257084, "99": 0.09994925153247251}, "hd95": {"0": 26.153393661244042, "1": 30.083217912982647, "2": 23.021728866442675, "3": 27.21212809755164, "4": 27.65863337187866, "5": 40.35963293716994, "6": 44.14748010928823, "7": 5.0990195135927845, "8": 9.273618495495704, "9": 11.045361017187261, "10": 7.14142842854285, "11": 23.227086831132326, "12": 11.89325702738669, "13": 18.39557869736251, "14": 12.68857754044952, "15": 17.4928556845359, "16": 19.924858845171276, "17": 4.242640687119285, "18": 57.358521598799946, "19": 5.0, "20": 11.582280053186718, "21": 30.099833886584822, "22": 6.324555320336759, "23": 25.084854504982246, "24": 2.23606797749979, "25": 6.782329983125268, "26": 6.111340545733014, "27": 1.4142135623730951, "28": 8.811882098700323, "29": 2.0, "30": 3.0, "31": 2.23606797749979, "32": 6.4031242374328485, "33": 5.0, "34": 2.23606797749979, "35": 12.36931687685298, "36": 1.4142135623730951, "37": 2.23606797749979, "38": 2.0, "39": 1.4142135623730951, "40": 5.656854249492381, "41": 3.0, "42": 2.8284271247461903, "43": 2.0, "44": 2.0, "45": 1.4142135623730951, "46": 2.23606797749979, "47": 3.0, "48": 1.4142135623730951, "49": 2.0, "50": 1.4142135623730951, "51": 1.4142135623730951, "52": 2.0, "53": 1.4142135623730951, "54": 2.0, "55": 2.0, "56": 2.0, "57": 1.4142135623730951, "58": 1.0, "59": 1.0, "60": 1.0, "61": 1.4142135623730951, "62": 1.4142135623730951, "63": 1.0, "64": 7.314289558815027, "65": 1.0, "66": 1.0, "67": 1.0, "68": 1.0, "69": 1.0, "70": 1.0, "71": 1.0, "72": 1.4142135623730951, "73": 1.0, "74": 1.0, "75": 1.0, "76": 1.0, "77": 1.0, "78": 1.0, "79": 1.0, "80": 1.4142135623730951, "81": 1.0, "82": 2.0, "83": 1.0, "84": 1.4142135623730951, "85": 1.0, "86": 2.0, "87": 1.0, "88": 1.4142135623730951, "89": 1.0, "90": 2.8284271247461903, "91": 1.0, "92": 1.0, "93": 1.0, "94": 1.4142135623730951, "95": 1.0, "96": 1.0, "97": 1.0, "98": 1.0, "99": 1.4142135623730951}}