{"bce_loss": {"1": 0.30185769285474506, "2": 0.26761742196385824, "3": 0.24075222109991407, "4": 0.21495973803694285, "5": 0.19111848492470998, "6": 0.17117231682179465, "7": 0.15174774518088688, "8": 0.13569651887057319, "9": 0.12167624254075307, "10": 0.10897558679183324, "11": 0.09752921831040155, "12": 0.08653660473369416, "13": 0.07664889227303248, "14": 0.06804835181387645, "15": 0.06101192729104133, "16": 0.0534886819502664, "17": 0.047429386940267354, "18": 0.041525473315564415, "19": 0.0363080943269389, "20": 0.031727601493161825, "21": 0.027896742262537518, "22": 0.02492666058242321, "23": 0.022448144527891324, "24": 0.019472911894794494, "25": 0.017613392042380476, "26": 0.01634473128924294, "27": 0.015319681031599877, "28": 0.014229739846159068, "29": 0.01304706378972956, "30": 0.012362258678804788, "31": 0.011399195204296756, "32": 0.011619268029573419, "33": 0.011346044432785776, "34": 0.010673659794505626, "35": 0.01058576488867402, "36": 0.01128076986661033, "37": 0.010818036354427773, "38": 0.010237291507009003, "39": 0.010404462822609477, "40": 0.009601858703212606, "41": 0.012022436056877412, "42": 0.010413836735847688, "43": 0.009911875794863417, "44": 0.009367462232827193, "45": 0.009978703260126095, "46": 0.010198111934143873, "47": 0.010026585539832475, "48": 0.009589608448247114, "49": 0.008999973631626556, "50": 0.008963368862630829, "51": 0.009038077438220618, "52": 0.008710431773954678, "53": 0.00893016325102912, "54": 0.009610595554852533, "55": 0.009152483424201371, "56": 0.009104603509758674, "57": 0.008972554083263118, "58": 0.008948819549192511, "59": 0.008483501993829296, "60": 0.008286530103918815, "61": 0.008226325044349309, "62": 0.008189592632420716, "63": 0.008133833204203892, "64": 0.00822969819862573, "65": 0.008118660861833228, "66": 0.008073265124703683, "67": 0.008037207943816033, "68": 0.008031508061177438, "69": 0.008101416064337605, "70": 0.008031677362316894, "71": 0.00801823008435941, "72": 0.00800544877965299, "73": 0.007997353875359136, "74": 0.008032161380267806, "75": 0.00808078836694005, "76": 0.008003801059362197, "77": 0.00804615897377805, "78": 0.007996354126445358, "79": 0.007992606451143585, "80": 0.008034222138424715, "81": 0.007970595296235785, "82": 0.008031897025094145, "83": 0.008018026845381847, "84": 0.008055531508511021, "85": 0.008011842242604683, "86": 0.008000282038535391, "87": 0.00802551182578244, "88": 0.007968045626988723, "89": 0.007968490891572502, "90": 0.008064806320896697, "91": 0.00802469480827096, "92": 0.008008267582645492, "93": 0.008057728191719406, "94": 0.008002541756020888, "95": 0.008056016646266456, "96": 0.008037481131771254, "97": 0.00796844741876518, "98": 0.008028531077480505, "99": 0.008072739936381815, "100": 0.00804374507805776}, "dice_loss": {"1": 0.9837124669362628, "2": 0.975284857409341, "3": 0.9717048330912514, "4": 0.9662462170161898, "5": 0.9604800816566225, "6": 0.9573035911908225, "7": 0.9509909588193136, "8": 0.9442811315021817, "9": 0.9386389908336458, "10": 0.9304519797128344, "11": 0.9229756224723089, "12": 0.912857072693961, "13": 0.9020552587887597, "14": 0.8922223609591288, "15": 0.8816147607470316, "16": 0.8651811300762116, "17": 0.8482634037260025, "18": 0.8305572763321891, "19": 0.8088125813575018, "20": 0.7853072872237553, "21": 0.7574203534731789, "22": 0.7268013547337244, "23": 0.6999033651654682, "24": 0.6609907013083262, "25": 0.6310077077812619, "26": 0.5972491734557681, "27": 0.5745442064981612, "28": 0.5380293485664186, "29": 0.5105892117061313, "30": 0.48838571045133805, "31": 0.45440296615873066, "32": 0.4363199160212562, "33": 0.420004282915403, "34": 0.3998096471741086, "35": 0.3883197849232053, "36": 0.39144424100716907, "37": 0.37203476589823525, "38": 0.34769942907113877, "39": 0.3358747112372565, "40": 0.31967114266895114, "41": 0.35004380558218273, "42": 0.3272777980282193, "43": 0.3052161761692592, "44": 0.29264941575035214, "45": 0.3034735842356606, "46": 0.2991320251945465, "47": 0.2913333690828747, "48": 0.2802887987049799, "49": 0.2640645477979902, "50": 0.257709065600047, "51": 0.257625239709067, "52": 0.2505821987750038, "53": 0.2542201457988648, "54": 0.26038701288283816, "55": 0.2536350904949128, "56": 0.2508657302648302, "57": 0.2455286324497253, "58": 0.24558969244124398, "59": 0.23256005772522517, "60": 0.22842563901628768, "61": 0.2266262008084191, "62": 0.22520997434381454, "63": 0.22173854968850576, "64": 0.221828831803231, "65": 0.22159603155321544, "66": 0.221165213083464, "67": 0.21955750007478017, "68": 0.2195186068614324, "69": 0.22002061089826008, "70": 0.2188871211948849, "71": 0.21868232909649138, "72": 0.21784164011478424, "73": 0.2179312025980344, "74": 0.21907613745757512, "75": 0.21933097143967947, "76": 0.2181193364991082, "77": 0.2186455378929774, "78": 0.2184581865393926, "79": 0.21834414345877512, "80": 0.2188789908375059, "81": 0.21881711577612256, "82": 0.21987836630571456, "83": 0.21867127953067658, "84": 0.2182989657398254, "85": 0.21807894725648183, "86": 0.219103475411733, "87": 0.21789461894640846, "88": 0.21785396574035523, "89": 0.21787735938079775, "90": 0.21937028566996256, "91": 0.2188200181911862, "92": 0.21869547877992904, "93": 0.21862294867871299, "94": 0.21845152193591708, "95": 0.21854418397895872, "96": 0.21897953559481909, "97": 0.2178107031754085, "98": 0.2190267379794802, "99": 0.21847251885467106, "100": 0.21775058124746596}, "total_loss": {"1": 0.642785078003293, "2": 0.6214511385039677, "3": 0.6062285275686354, "4": 0.5906029759891449, "5": 0.5757992825810871, "6": 0.5642379560167827, "7": 0.5513693538923112, "8": 0.5399888261916146, "9": 0.5301576133758302, "10": 0.5197137821288336, "11": 0.510252420864408, "12": 0.4996968394234067, "13": 0.4893520786648705, "14": 0.4801353556769235, "15": 0.47131334410773384, "16": 0.4593349056584494, "17": 0.44784639752100386, "18": 0.43604137358211337, "19": 0.4225603389361548, "20": 0.4085174444175902, "21": 0.39265854680348955, "22": 0.37586400669718545, "23": 0.3611757532944755, "24": 0.3402318060398102, "25": 0.3243105487217979, "26": 0.3067969535551374, "27": 0.29493194227180786, "28": 0.27612954283517505, "29": 0.2618181364876883, "30": 0.2503739839035367, "31": 0.23290108073325383, "32": 0.2239695917519312, "33": 0.2156751626540744, "34": 0.20524165365431044, "35": 0.19945277462876032, "36": 0.2013625053186265, "37": 0.19142640015435597, "38": 0.17896836120930928, "39": 0.17313958751776862, "40": 0.1646365010076099, "41": 0.18103312121497261, "42": 0.1688458172101823, "43": 0.15756402531313518, "44": 0.1510084392059417, "45": 0.1567261436628917, "46": 0.15466506944762337, "47": 0.15067997787679946, "48": 0.14493920358400497, "49": 0.1365322604302376, "50": 0.1333362166843717, "51": 0.13333165870299415, "52": 0.1296463149880606, "53": 0.13157515381536786, "54": 0.13499880475657328, "55": 0.1313937861058447, "56": 0.1299851666840296, "57": 0.12725059356954363, "58": 0.12726925585478072, "59": 0.12052177933473436, "60": 0.1183560841849872, "61": 0.11742626319801996, "62": 0.11669978333844079, "63": 0.11493619141124543, "64": 0.11502926477364131, "65": 0.11485734617426283, "66": 0.11461923945517767, "67": 0.11379735455626533, "68": 0.11377505757032878, "69": 0.11406101345542878, "70": 0.1134593989404421, "71": 0.1133502796292305, "72": 0.11292354443243571, "73": 0.11296427811658571, "74": 0.1135541492747882, "75": 0.11370587999385501, "76": 0.11306156868499423, "77": 0.11334584842598627, "78": 0.11322726995225936, "79": 0.11316837441353571, "80": 0.11345660639187646, "81": 0.1133938559464046, "82": 0.11395513112582857, "83": 0.11334465302172161, "84": 0.1131772484098162, "85": 0.11304539394757104, "86": 0.11355187897644346, "87": 0.11296006528631089, "88": 0.11291100522355428, "89": 0.11292292532466706, "90": 0.11371754547433248, "91": 0.11342235678245151, "92": 0.11335187298910958, "93": 0.11334033866250326, "94": 0.11322703224325938, "95": 0.11330009996891022, "96": 0.11350850784589374, "97": 0.11288957546154658,